"","vol","wavelet_HLH_glcm_Idn_forebrain_anteroventral_region","wavelet_LHL_gldm_SmallDependenceHighGrayLevelEmphasis_forebrain_anteroventral_region","wavelet_HLH_glcm_InverseVariance_forebrain_anteroventral_region","original_glrlm_GrayLevelNonUniformityNormalized_brain_lateral_ventricle","wavelet_HHL_gldm_LargeDependenceHighGrayLevelEmphasis_forebrain_anteroventral_region","wavelet_LHL_glcm_DifferenceVariance_brain_third_ventricle","wavelet_HLL_glrlm_ShortRunLowGrayLevelEmphasis_forebrain_anteroventral_region","wavelet_HHL_glrlm_RunLengthNonUniformityNormalized_forebrain_anteroventral_region","wavelet_LHH_glrlm_RunEntropy_forebrain_anteroventral_region","wavelet_HLL_gldm_HighGrayLevelEmphasis_brain_third_ventricle","square_gldm_LargeDependenceEmphasis_brain_third_ventricle","wavelet_HLL_glrlm_LongRunHighGrayLevelEmphasis_brain_third_ventricle","wavelet_HHL_gldm_SmallDependenceLowGrayLevelEmphasis_forebrain_anteroventral_region","wavelet_HHH_gldm_SmallDependenceEmphasis_forebrain_anteroventral_region","wavelet_LLH_gldm_LargeDependenceEmphasis_forebrain_anteroventral_region","wavelet_HLL_gldm_DependenceNonUniformity_philtrum","wavelet_HLL_gldm_DependenceNonUniformityNormalized_brain_fourth_ventricle","wavelet_HLL_glcm_Imc_forebrain_anteroventral_region","wavelet_LLH_glcm_JointAverage_forebrain_anteroventral_region","square_gldm_GrayLevelNonUniformity_forebrain_anteroventral_region","wavelet_HHH_gldm_SmallDependenceLowGrayLevelEmphasis_forebrain_anteroventral_region","wavelet_LLH_glrlm_RunLengthNonUniformity_midbrain","wavelet_LLL_firstorder_Energy_forebrain_anteroventral_region","exponential_ngtdm_Coarseness_forebrain_anteroventral_region","wavelet_HHL_glrlm_ShortRunEmphasis_forebrain_anteroventral_region","exponential_glszm_LargeAreaHighGrayLevelEmphasis_philtrum","wavelet_HHH_gldm_GrayLevelNonUniformity_forebrain_anteroventral_region","wavelet_LLH_glrlm_GrayLevelNonUniformityNormalized_vomeronasal_cavity","original_shape_MeshVolume_forebrain_anteroventral_region","gradient_glrlm_ShortRunHighGrayLevelEmphasis_forebrain_anteroventral_region","wavelet_HHH_gldm_DependenceVariance_forebrain_anteroventral_region","wavelet_LLH_glcm_Autocorrelation_forebrain_anteroventral_region","original_shape_LeastAxisLength_forebrain_anteroventral_region","wavelet_LHH_glrlm_ShortRunLowGrayLevelEmphasis_forebrain_anteroventral_region","wavelet_HLH_glcm_Autocorrelation_forebrain_anteroventral_region","wavelet_LLH_gldm_HighGrayLevelEmphasis_vomeronasal_cavity","wavelet_LHL_glrlm_GrayLevelNonUniformityNormalized_medulla_oblongata","wavelet_HHH_gldm_SmallDependenceHighGrayLevelEmphasis_forebrain_anteroventral_region","wavelet_LHL_firstorder_Percentile_vomeronasal_cavity","wavelet_LLH_gldm_DependenceNonUniformity_forebrain_anteroventral_region","wavelet_HLH_ngtdm_Complexity_forebrain_anteroventral_region","gradient_firstorder_Median_forebrain_anteroventral_region","wavelet_LLH_glrlm_ShortRunLowGrayLevelEmphasis_forebrain_anteroventral_region","wavelet_HHH_gldm_LargeDependenceHighGrayLevelEmphasis_brain_third_ventricle","wavelet_HLL_firstorder_Entropy_brain_third_ventricle","wavelet_HLL_glcm_Correlation_forebrain_anteroventral_region","wavelet_HLH_glcm_ClusterProminence_forebrain_anteroventral_region","wavelet_HLH_glcm_Id_forebrain_anteroventral_region","wavelet_HHH_gldm_LargeDependenceLowGrayLevelEmphasis_forebrain_anteroventral_region","logarithm_glrlm_RunEntropy_forebrain_anteroventral_region","wavelet_HLH_glrlm_ShortRunLowGrayLevelEmphasis_forebrain_anteroventral_region","wavelet_LLH_gldm_DependenceEntropy_forebrain_anteroventral_region","wavelet_HLL_gldm_DependenceNonUniformity_forebrain_anteroventral_region","wavelet_HLH_glcm_Idm_forebrain_anteroventral_region","original_glrlm_GrayLevelVariance_brain_lateral_ventricle","wavelet_LLH_gldm_SmallDependenceLowGrayLevelEmphasis_forebrain_anteroventral_region","wavelet_LHH_glrlm_ShortRunHighGrayLevelEmphasis_forebrain_anteroventral_region","original_gldm_GrayLevelNonUniformity_forebrain_anteroventral_region","wavelet_HLL_glcm_MCC_forebrain_anteroventral_region","wavelet_HLH_glcm_DifferenceAverage_forebrain_anteroventral_region","wavelet_HLH_glrlm_LongRunLowGrayLevelEmphasis_forebrain_anteroventral_region","wavelet_LLH_glrlm_LongRunEmphasis_forebrain_anteroventral_region","original_firstorder_TotalEnergy_forebrain_anteroventral_region","wavelet_HHL_glrlm_RunPercentage_forebrain_anteroventral_region","wavelet_LLH_glrlm_RunPercentage_forebrain_anteroventral_region","wavelet_LHH_glrlm_ShortRunEmphasis_forebrain_anteroventral_region","exponential_gldm_LargeDependenceEmphasis_forebrain_anteroventral_region","wavelet_LLH_gldm_GrayLevelVariance_forebrain_anteroventral_region","wavelet_LLH_glrlm_LongRunEmphasis_forebrain","wavelet_LLH_gldm_GrayLevelVariance_vomeronasal_cavity","wavelet_HLL_glrlm_LongRunEmphasis_brain_third_ventricle","wavelet_HLH_glszm_SmallAreaHighGrayLevelEmphasis_brain_mesencephalic_vesicle","gradient_glrlm_ShortRunEmphasis_forebrain_anteroventral_region","wavelet_LHL_firstorder_MeanAbsoluteDeviation_vomeronasal_cavity","squareroot_glcm_Idn_brain_fourth_ventricle","wavelet_LLH_glcm_Imc_brain_fourth_ventricle","gradient_glrlm_RunEntropy_forebrain_anteroventral_region","wavelet_HLH_gldm_LargeDependenceEmphasis_forebrain_anteroventral_region","wavelet_HLL_gldm_GrayLevelNonUniformity_midbrain","wavelet_HHL_gldm_LargeDependenceHighGrayLevelEmphasis_brain_third_ventricle","wavelet_LLH_firstorder_TotalEnergy_forebrain_anteroventral_region","wavelet_HHL_glcm_ClusterProminence_forebrain_anteroventral_region","wavelet_LHH_gldm_DependenceVariance_brain_fourth_ventricle","wavelet_LLH_firstorder_Uniformity_vomeronasal_cavity","wavelet_HHL_gldm_LargeDependenceEmphasis_forebrain_anteroventral_region","wavelet_LHH_gldm_DependenceNonUniformity_midbrain","wavelet_HLH_gldm_DependenceNonUniformity_forebrain_anteroventral_region","wavelet_LLH_glrlm_LongRunLowGrayLevelEmphasis_forebrain_anteroventral_region","wavelet_HHL_ngtdm_Busyness_midbrain","wavelet_LLH_firstorder_Uniformity_forebrain_anteroventral_region","original_shape_MajorAxisLength_forebrain_anteroventral_region","wavelet_LLH_gldm_LowGrayLevelEmphasis_forebrain_anteroventral_region","wavelet_HLL_ngtdm_Strength_midbrain","wavelet_HLH_gldm_GrayLevelNonUniformity_forebrain_anteroventral_region","original_shape_SurfaceArea_forebrain","wavelet_LHH_glrlm_RunLengthNonUniformityNormalized_forebrain_anteroventral_region","wavelet_HHH_firstorder_TotalEnergy_forebrain_anteroventral_region","wavelet_HLH_glrlm_LongRunEmphasis_forebrain_anteroventral_region","wavelet_HLH_gldm_SmallDependenceHighGrayLevelEmphasis_forebrain_anteroventral_region","wavelet_HLH_ngtdm_Contrast_forebrain_anteroventral_region","wavelet_LLH_glrlm_RunLengthNonUniformity_forebrain_anteroventral_region","wavelet_HLH_glcm_ClusterTendency_forebrain_anteroventral_region","wavelet_HLH_gldm_SmallDependenceLowGrayLevelEmphasis_forebrain_anteroventral_region","exponential_glrlm_RunPercentage_forebrain_anteroventral_region","gradient_gldm_GrayLevelNonUniformity_forebrain_anteroventral_region","wavelet_LHH_glrlm_LongRunEmphasis_forebrain_anteroventral_region","wavelet_LHH_gldm_LargeDependenceEmphasis_forebrain_anteroventral_region","wavelet_HHH_glrlm_LongRunLowGrayLevelEmphasis_forebrain_anteroventral_region","wavelet_LLH_glrlm_GrayLevelVariance_vomeronasal_cavity","wavelet_LHL_glrlm_GrayLevelVariance_medulla_oblongata","wavelet_LHL_glrlm_LowGrayLevelRunEmphasis_medulla_oblongata","wavelet_LLH_gldm_GrayLevelNonUniformity_midbrain","wavelet_LLH_firstorder_Median_forebrain_anteroventral_region","wavelet_HLH_gldm_SmallDependenceEmphasis_forebrain_anteroventral_region","original_shape_MaximumDDiameter_brain_third_ventricle","gradient_glrlm_RunLengthNonUniformityNormalized_forebrain_anteroventral_region","wavelet_HLH_glcm_SumEntropy_forebrain_anteroventral_region","wavelet_LHL_glcm_DifferenceEntropy_brain_third_ventricle","wavelet_HLH_glrlm_RunVariance_forebrain_anteroventral_region","wavelet_HHL_glrlm_RunEntropy_forebrain_anteroventral_region","wavelet_HHL_glcm_ClusterTendency_forebrain_anteroventral_region","wavelet_LLH_firstorder_Energy_forebrain_anteroventral_region","wavelet_LHH_glrlm_RunLengthNonUniformity_midbrain","gradient_firstorder_Mean_forebrain_anteroventral_region","wavelet_LLH_glszm_ZonePercentage_forebrain_anteroventral_region","logarithm_firstorder_RootMeanSquared_forebrain_between_lateral_ventricles","wavelet_HLH_glrlm_RunLengthNonUniformity_midbrain","wavelet_HLL_gldm_LargeDependenceHighGrayLevelEmphasis_brain_third_ventricle","wavelet_HHH_glrlm_ShortRunHighGrayLevelEmphasis_brain_third_ventricle","wavelet_HHH_glrlm_ShortRunHighGrayLevelEmphasis_forebrain_anteroventral_region","wavelet_HLL_glrlm_GrayLevelNonUniformity_midbrain","wavelet_LLH_glrlm_RunVariance_forebrain_anteroventral_region","wavelet_HLL_ngtdm_Coarseness_midbrain","exponential_glrlm_GrayLevelNonUniformity_forebrain_anteroventral_region","wavelet_LHL_glrlm_ShortRunLowGrayLevelEmphasis_forebrain_anteroventral_region","wavelet_LHH_gldm_GrayLevelNonUniformity_forebrain_anteroventral_region","wavelet_HLL_glszm_ZoneVariance_forebrain_anteroventral_region","wavelet_LLH_glcm_SumAverage_forebrain_anteroventral_region","exponential_glrlm_RunLengthNonUniformity_forebrain_anteroventral_region","wavelet_HHH_firstorder_Energy_forebrain_anteroventral_region","wavelet_LHL_glcm_SumEntropy_brain_third_ventricle","wavelet_LHL_glcm_MaximumProbability_brain_third_ventricle","wavelet_HLH_glcm_Idmn_forebrain_anteroventral_region","wavelet_LLH_firstorder_Entropy_forebrain_anteroventral_region","wavelet_LHL_gldm_DependenceNonUniformity_midbrain","wavelet_LHH_gldm_LargeDependenceLowGrayLevelEmphasis_forebrain_anteroventral_region","exponential_gldm_LargeDependenceLowGrayLevelEmphasis_brain_third_ventricle","wavelet_LHL_glrlm_HighGrayLevelRunEmphasis_medulla_oblongata","square_glrlm_GrayLevelNonUniformity_forebrain_anteroventral_region","exponential_glrlm_RunLengthNonUniformityNormalized_forebrain_anteroventral_region","wavelet_LHL_glcm_JointEntropy_brain_third_ventricle","wavelet_LLH_gldm_LargeDependenceLowGrayLevelEmphasis_forebrain_anteroventral_region","wavelet_HLL_gldm_GrayLevelVariance_brain_third_ventricle","wavelet_HHH_glszm_ZonePercentage_forebrain_anteroventral_region","original_firstorder_Energy_forebrain_anteroventral_region","original_shape_VoxelVolume_forebrain_anteroventral_region","wavelet_HLL_gldm_DependenceEntropy_brain_third_ventricle","wavelet_HLL_glcm_ClusterProminence_forebrain_anteroventral_region","wavelet_HLH_glrlm_ShortRunEmphasis_forebrain_anteroventral_region","wavelet_HLH_glcm_ClusterShade_forebrain_anteroventral_region","wavelet_LLL_glcm_InverseVariance_forebrain_anteroventral_region","wavelet_HLL_gldm_GrayLevelNonUniformity_forebrain_anteroventral_region","original_shape_LeastAxisLength_brain_third_ventricle","wavelet_LHH_gldm_SmallDependenceHighGrayLevelEmphasis_forebrain_anteroventral_region","wavelet_HHL_glrlm_ShortRunLowGrayLevelEmphasis_forebrain_anteroventral_region","wavelet_HLH_glrlm_LongRunHighGrayLevelEmphasis_forebrain_anteroventral_region","wavelet_HLH_glrlm_RunEntropy_forebrain_anteroventral_region","square_gldm_DependenceVariance_forebrain_anteroventral_region","original_shape_MajorAxisLength_philtrum","wavelet_HLL_gldm_LowGrayLevelEmphasis_brain_third_ventricle","wavelet_LLH_glcm_ClusterTendency_forebrain_anteroventral_region","wavelet_HLL_glrlm_RunEntropy_forebrain_anteroventral_region","wavelet_LHL_ngtdm_Coarseness_midbrain","wavelet_HLH_glcm_Contrast_forebrain_anteroventral_region","logarithm_glrlm_GrayLevelNonUniformity_forebrain_anteroventral_region","wavelet_LLH_gldm_LowGrayLevelEmphasis_vomeronasal_cavity","wavelet_LLL_glcm_Id_forebrain_anteroventral_region","wavelet_LHH_glrlm_RunPercentage_forebrain_anteroventral_region","wavelet_HLH_glcm_Correlation_forebrain_anteroventral_region","wavelet_HLL_glcm_DifferenceEntropy_forebrain_anteroventral_region","wavelet_LHL_gldm_SmallDependenceEmphasis_forebrain_anteroventral_region","exponential_glrlm_ShortRunEmphasis_forebrain_anteroventral_region","wavelet_HLH_glrlm_RunLengthNonUniformityNormalized_forebrain_anteroventral_region","exponential_gldm_LargeDependenceEmphasis_brain_third_ventricle","wavelet_LHH_glrlm_LongRunLowGrayLevelEmphasis_forebrain_anteroventral_region","wavelet_HLL_glcm_DifferenceVariance_forebrain_anteroventral_region","wavelet_LLH_gldm_HighGrayLevelEmphasis_forebrain_anteroventral_region","wavelet_HHL_glrlm_LongRunHighGrayLevelEmphasis_forebrain_anteroventral_region","original_glrlm_GrayLevelNonUniformity_forebrain_anteroventral_region","wavelet_LLH_firstorder_Entropy_vomeronasal_cavity","wavelet_LHH_glrlm_GrayLevelNonUniformity_midbrain","wavelet_HLH_glrlm_ShortRunHighGrayLevelEmphasis_forebrain_anteroventral_region","wavelet_LLL_firstorder_TotalEnergy_forebrain_anteroventral_region","gradient_glrlm_ShortRunLowGrayLevelEmphasis_forebrain_anteroventral_region","wavelet_LLH_glcm_SumSquares_forebrain_anteroventral_region","wavelet_LLL_glrlm_GrayLevelNonUniformity_forebrain_anteroventral_region","wavelet_HLL_firstorder_Uniformity_brain_third_ventricle","wavelet_LLH_glcm_SumEntropy_forebrain_anteroventral_region","wavelet_HLH_gldm_DependenceNonUniformity_midbrain","wavelet_LLL_glcm_Idm_forebrain_anteroventral_region","wavelet_LHH_glrlm_RunVariance_forebrain_anteroventral_region","wavelet_LHL_glcm_JointEnergy_brain_third_ventricle","wavelet_HLH_gldm_LargeDependenceHighGrayLevelEmphasis_forebrain_anteroventral_region","wavelet_HHL_gldm_GrayLevelNonUniformity_forebrain_anteroventral_region","wavelet_HLH_glrlm_RunPercentage_forebrain_anteroventral_region"
"1","210821_b6ku_3_e1_het",1,1,1,1,1,1,1,1,1,1,1,1,1,1,1,1,1,1,1,1,1,1,1,1,1,1,1,1,1,1,1,1,1,1,1,1,1,1,1,1,1,1,1,1,1,1,1,1,1,1,1,1,1,1,1,1,1,1,1,1,1,1,1,1,1,1,1,1,1,1,1,1,1,1,1,1,1,1,1.06057087037387,1,1,1,1,1,1,1,1,1,1,1,1,1,1,1,1,1,1,1,1,1,1,1,1,1,1,1,1,1,1,1,1,1,1,1,1,1,1,1,1,1,1,1,1,1,1,1,1,1,1,1,1,1,1,1,1,1,1,1,1,1,1,1,1,1,1,1,1,1,1,1,1,1,1,1,1,1,1,1,1,1,1,1,1,1,1,1,1,1,1,1,1,1,1,1,1,1,1,1,1,1,1,1,1,1,1,1,1,1,1,1,1,1,1,1,1,1,1,1,1,1,1,1,1,1,1
"2","210821_b6ku_3_e3_het",1,1,1,1,1,1,1,1,1,1,1,1,1,1,1,1,1,1,1,1,1,1,1,1,1,1,1,1,1,1,1,1,1,1,1,1,1,1,1,1,1,1,1,1,1,1,1,1,1,1,1,1,1,1,1,1,1,1,1,1,1,1,1,1,1,1,1,1,1,1,1,1,1,1,1,1,1,1,1.015790917538,1,1,1,1,1,1,1,1,1,1,1,1,1,1,1,1,1,1,1,1,1,1,1,1,1,1,1,1,1,1,1,1,1,1,1,1.01679232503549,1,1,1,1,1,1,1,1,1,1,1,1,1,1,1,1,1,1,1,1,1,1,1,1,1,1,1,1,1,1,1,1,1,1,1,1,1,1,1,1,1,1,1,1,1,1,1,1,1,1,1,1,1,1,1,1,1,1,1,1.23348739862738,1,1,1,1,1,1,1,1,1,1,1,1,1,1,1,1,1,1,1,1,1,1,1,1,1,1,1,1,1,1
"3","210913_b6ku_22297_e1_het",1,1,1,1,0.937306085037965,1,1,1.02466560430199,1,1.04976772517337,1,1,1,1,1,1,1,1,1,1,1,1,1,1,1.01501186038178,1,1,1,1,1,1,1,1,1,1,1,1,1,1,1,1,1,1,0.863581530898458,0.895523575400453,1,1,1,1,1,1,1,1,1,1,1,1,1,1,1,1,1,1,1.01958971653655,1,1,1,1,1,1,1,1.36295111157194,1,1,1,1,1,0.954952312812196,1,0.805286839323387,1,0.983478121525515,0.971920835942124,1,0.959427772694465,1,1,1,1,1,1,1,1,1,1,1,1,1,1,1,1,1,1,1,1,1,1,1,1,1,1,1,1,1,1,1,1,1,1,0.986833145469501,0.983551547222259,1,1,1,1,1,1,1,1.05303218532982,1,1,1,1,1,1,1,1,1,1,1,1,1,1,1,1,1,1,1,1,1,1,1,0.859989578244336,1,1,1,1,1,1.01654226812726,1,1,1,1,1.09177199966845,1,1,0.985793174838502,1,1,0.91123826128577,1,1,1,1,1,1,1,1,1,1,1,1,1.02464893439338,1,1,1,1,1,1,1,1,1,1,1,1,1,1.0890957866315,1,1,1,1,1,1,1,1.02175340491903
"4","210913_b6ku_22297_e8_het",1,1,1,1,1,1,1,1,1,1,1,1,1,1,1,1,1,1,1,1,1,1,1,1,1,1,1,1,1,1,1,1,1,1,1,1,1,1,1,1,1,1,1,1,1,1,1,1,1,1,1,1,1,1,1,1,1,1,1,1,1,1,1,1,1,1,1,1,1,1,1,1,1,1,1,1,1,1,1,0.839835075557063,1,1,1,1,1,1,1,1,1,1,1,1,1,1,1,1,1,1,1,1,1,1,1,1,1,1,1,1,1,1,1,1,1,1,1,1,1,1,1,1,1,1,1,1,1,1,1,1,1.05718027592312,1,1,1,1,1,1,1,1,1,1,1,1,1,1,1,1,1,1,1,1,1,1,1,1,1,1,1,1,1,1,1,1,1,1,1,1,1,1,1,1,1,1,1,1,1,1,1,1,1,1,1,1,1,1,1,1,1,1,1,1,1,1,1,1,1,1,1,1,1,1,1,1,1,1,1,1
"5","210913_b6ku_22299_e7_het",1,1,1,1,1,1,1,1,1,1,1,1,1,1,1,1,1,1,1,1,1,1,1,1,1,1,1,1,1,1,1,1,1,1,1,1,1,1,1,1,1,1,1,1,1,1,1,1,1,1,1,1,1,1,1,1,1,1,1,1,1,1,1,1,1,1,1,1,1,1,1,1,1,1,1,1,1,1,1,1,1,1,1,1,1,1,1,1,1,1,1,1,1,1,1,1,1,1,1,1,1,1,1,1,1,1,1,1,1,1,1,1,1,1,1,1,1,1,1,1,1,1,1,1,1,1,1,1,1,1,1,1,1,1,1,1,1.86867755858173,1,1,1,1,1,1,1,1,1,1,1,1,1,1,1,1,1,1,1,1,1,1,1,1,1,1,1,1,1,1,1,1,1,1,1,1,1,1.35142879936414,1,1,1,1,1,1,1,1,1,1,1,1,1,1,1,1,1,1,1,1,1,1,1,1,1,1,1,1,1,1
"6","210913_b6ku_22300_e4_het",1,1,1,1,1,1,1,1,1,1,1,1,1,1,1,1,1,1,1,1.24184220187424,1,1,1,1,1,1,1,1,1,1,0.950727701633089,1,1,1,1,1,1,0.962964167312636,1,1,1,0.828633678322566,1,1,1,1,1,1,1,1,1,1,1,1,1,1,1,1.22398554785341,1,1,1,1,1,1,1,1,1.09666647737649,1,1,1,1,1,1,1,1,1,1,1,1,1,1,1,1,1,1,1,1,1,1,1,1,1,1,1,1,1,1,1,1,1,1,1,1,0.813502546896847,1,1,1,1,1,1,1,1,1,1,1,1,1,1,1,1,1,1,1,0.869365855783801,1,1,1,1,1,1,1,1,1,1,1,1,1.48134480931163,1,0.758364087250193,1,1,1,1,1,1,1,1,1,1,1,1,1,1,1,1,1,1,1,1,1,0.879504995825202,1,1,1,1,1,1,1,1,1,1,1,1,1,1,1,1.02824971704789,1,1,1,1,1,1,1,1,1,1,1,1,1,1,1,1,1,1,1,1,1,1,1.02927465163907,1,1,1,1,1
"7","210913_b6ku_22300_e7_het",1,1,1,1,1,1,1,1,1,1,1,1,1,1,1,1,1,1,1,1,1,1,1,1,1,1.41321050574522,1,1,1,1,1,1,1,1,1,1,1,1,1,1,1,1,1,0.850208974631126,1,1,1,1,1,1,1,1,1.15289280950293,1,1,1,1,1.29421085067431,1,1,1,1,1,1,1,1,1,1,1,1,1,1,1,1,1.0449998853084,1,1,1,1,0.841138997753464,1,1,1,1,1,1,1,1,1,1,1,1,1,1,1,1,1,1,1,1,1,1,1,0.818583595339418,1,1,1,1,1,1,1,1,1,1,1,1,1,1,1,1,1,1,1,1,1,1.10003805791132,1,1,1.05846314924724,1,1,1,1,1.10779895253188,1,1,1,1,0.711223237546412,1,1,1,1,1,1,1,1,1,1.19246657865508,0.770780159027637,1,1,1,1,1,1,1,1,1,1,1,1,1,1,1,1,1,1,1,1,1,1,1,1,1.26144943018614,1,1,1,1,1,1,0.736095676583108,1,1,1,1,1,1,1,1,1,1,1,1,1,1,1,1,1,1,1,1,1,1,1
"8","210926_b6ku_22296_e3_het",1,1,1,1,1,1,1,1,1,1,1,1,1,1,1,1,1,1,1,1,1,1,1,1,1,1,1,1,1,1,1,1,1,1,1,1,1,1,1,1,1,1,1,1,1,1,1,1,1,1,1,1,1,1,1,1,1,1,1,1,1,1,1,1,1,1,1,1,1,1,1,1,1,1,1,1,1,1,1,1,1,1,1,1,1,1,1,1,1,1,1,1,1,1,1,1,1,1,1,1,1,1,1,1,1,1,1,1,1,1,1,1,1,1,1,1,1,1,1,1,1,1,1,1,1,1,1,1,1,1,1,1,1,0.872025379693204,1,1,1,1,1,1,1,1,1,1,1,1,1,1,1,1,1,1,1,1,1,1,1,1,1,1,1,1,1,1,1,1,1,1,1,1,1,1,1,1,1,1,1,1,1,1,1,1,1,1,1,1,1,1,1,1,1,1,1,1,1,1,1,1,1,1,1,1,1,1,1
"9","210926_b6ku_22296_e4_het",1,1,1,1,1,1,1,1,1,1,1,1,1,1,1,1,1,1,1,1,1,1,1,1,1,1,1,1,1,1,1,1,1,1,1,1,1,1,1,1,1,1,1,1,1,1,1,1,1,1,1,1,1,1,1,1,1,1,1,1,1,1,1,1,1,1,1,1,1,1,1,1,1,1,1,1,1,1,1,1,1,1,0.950219403289944,1,1,1,1,1,1,1,1,1,1,1,1,1,1,1,1,1,1,1,1,1,1,1,1,1,1,1,1,1,1,1,1,1,1,1,1,1,1,1,1,1,1,1,1,1,1,1,1,1,1,1,1,1,1,1,1,1,1,1,1,1,1,1,1,1,1,1,1,1,1,1,1,1,1,1,1,1,1,1,1,1,1,1,1,1,1,1,1,1,1,1,1,1,1,1,1,1,1,1,1,1,1,1,1,1,1,1,1,1,1,1,1,1,1,1,1,1,1,1,1,1,1
"10","210926_b6ku_22296_e5_het",1,1,1,1,1,1,1,1,1,1,1,1,1,1,1,1,1,1,1,1,1,1,1,1,1,1,1,1,1,1,1,1,1,1,1,1,1,1,1,1,1,1,1,1,1,1,1,1,1,1,1,1,1,1,1,1,1,1,1,1,1,1,1,1,1,1,1,1,1,1,1,1,1,1,1,1,1,1,1,1,1,1,1,1,1,1,1,1,1,1,1,1,1,1,1,1,1,1,1,1,1,1,1,1,1,1,1,1,1,1,1,1,1,1,1,1,1,1,1,1,1,1,1,1,1,1,1,1,1,1,1,1,1,1,1,1,1,1,1,1,1,1,1,1,1,1,1,1,1,1,1,1,1,1,1,1,1,1,1,1,1,1,1,1,1,1,1,1,1,1,1,1,1,1,1,1,1,1,1,1,1,1,1,1,1,1,1,1,1,1,1,1,1,1,1,1,1,1,1,1,1,1,1,1,1
"11","210926_b6ku_22296_e6_het",1,1,1,1,1,1,1,1,1,1,1,1,1,1,1,1,1,1,1,1,1,1,1.33370325676976,1,1,1,1,1,1,1,1,1,1,1,1,1,1,1,1.37590201275558,1,1,1,1,1,1,1,1,1,1,1,1,1,1,1,1,1,1,1,1,1,1,1,1.3336001652661,1,1,1,1,1,1,1,1,1,1,1,1,1,1,1,1,1,1,1,1,1,1,1,1,1,1,1,1,1,1,1,1,1,1.5009143916487,1,1,1,1,1,1,1,1,1,1,1,1,1,1,1,1,1,1,1,1,1,1,1,1,1,1,1,1,1,1,1,1,1,1,1,1,1,1,1,1,1,1,1.5009143916487,1,1,1,1,1,1,1,1,1,1,1,1,1,1,1.3336001652661,1,1,1,1,1,1,1,1,1,1,1,1,1,1,1,1,1,1,1,1,1,1,1,1,1,1,1,1,1,1,1,1,1,1,1,1,1,1.33370325676976,1,1,1,1,1,1,1,1,1,1,1,1
"12","210926_b6ku_22296_e8_het",1,1,1,1.11766069308163,1,1,1,1,1,1,1,1,1,1,1,1,1,1,1,1,1,1.18437940920003,1,1,1,1,1,1,1,1,1,1,1,1,1,1,0.999294657758661,1,1,1,1,1,1,1,1,1,1,1,1,1,1,1,1,1,0.829599535485349,1,1,1,1,1,1,1,1,1,1,1,1,1,1,1,1,1,1,1,1,1,1,1,1,1,1,1,0.935745621983727,1,1,1,1,1,1,1,1,1,1,1,1,1,1,1,1,1,1,1,1,1,1,1,1,1,1,1.00070694693344,0.992839353659155,1,1,1,1,1,1,1,1,1,1,1,1,1,1,1,1,1,1,1,1,1,1,1,1,1,1,1,1,1,1,1,1,1,1,1,1,1.00744104968698,1,1,1,1,1,1,1,1,1,1,1,1,1,1,1,1,1,1,1,1,1,1,1,1,1,1,1,1,1,1,1,1,1,1,1,1,1,1,1,1,1,1,1,1,1,1,1,1,1,1,1,1,1,1,1,1,1
"13","210926_b6ku_22298_e1_het",1,1,1,1,1,1,1,1,1,1,1,1,1,1,1,1,1,1,1,1,1,1,1,1,1,1,1,1,1,1,1,1,1,1,1,1,1,1,1,1,1,1,1,1,1,1,1,1,1,1,1,1,1,1,1,1,1,1,1,1,1,1,1,1,1,1,1,1,1,1,1,1,1,1,1,1,1,1,1,1,1,1,1,1,1,1,1,1,1,1,1,1,1,1,1,1,1,1,1,1,1,1,1,1,1,1,1,1,1,1,1,1,1,1,1.04246437762544,1,1,1,1,1,1,1,1,1,1,1,1,1,1,1,1,1,1,0.916227572758266,1,1,1,1,1,1,1,1,1,1,1,1,1,1,1,1,1,1,1,1,1,1,1,1,1,1,1,1,1,1,1,1,1,1,1,1,1,1,1,1,1,1,1,1,1,1,1,1,1,1,1,1,1,1,1,1,1,1,1,1,1,1,1,1,1,1,1,1,1,1,1
"14","210926_b6ku_22298_e2_het",1,1,1,1,1,1,0.926784321071749,1,1,1,1,1,1,1,1,1,1,1,0.981259760802343,1,1,1,1,1,1,1,1,1,1,1,1,0.957342066788726,1,1,1,1,1,1.02388649334818,1,1,1,1,1,1,1,1,1,1,1,1,1,1,1,1,1,1,1,1,1,1,1,1,1,1,1,1,1,1,1,1,1,1,1,1,1,1,1,1,1,1,1,1,1,1,1,1,1,1,1,1,1,1,1,1,1,1,1,1,1,1,1,1,1,1,1,1,1,1,1,1,1,1,1,1,1,1,1,1,1,1,1,1,1,1,1,1,1,1,1,1,1,1,1,1,1,1,1,0.981259760802343,1,1,1,1,1,1,1,1,1,1,1,1,1,1,1,1,1,1,1,1,1,1,1,1,1,1,1,1,1,1,1,1,1,1,1,1,1,1,1,1,1,1,1,1,1,1,1,1,1,1,1,1,1,1,1,1,1,1,1,1,1,1,1,1,1,1,1
"15","210926_b6ku_22298_e5_het",1,1,1,1,1,1,1,1,1,1,1,1,1,1,1,1,1,1,1,1,1,1,1,1,1,1.54176797745819,1,1,1,1,1,1,1,1,1,1,1,1,0.713036640309716,1,1,1,1,1,1,1,1,1,1,1,1,1,1,1,1,1,1,1,1,1,1,1,1,1,1,1,1,1,1,1,1,1,1,0.735870830532723,1,1,1,1,1,1,0.499418962666605,1,1,1,1,1,1,1,1,1,1,1,1,1,1,1,0.817999538736073,1,1,1,1,1,1,1,1,1,1,1,1,1,1,1,1,1,1,1,1,1,1,1,1,0.499418962666605,1,1,1,1,1,1,1,1,1,1,1,1,1,1,1,1,1,0.817999538736073,1,1,1,1,1,1,1,1,1,1,1,1,1,1.91346772454814,1,1,1,1,1,1,1,1,1,1,1,1,1,1,1,1,1,1,1,1,1,1,1.03281793406465,1,1,1,1,1,1,1,1,1,1,1,1,1,1,1,1,1,1,1,1,1,1,1.03477717375213,1,1,1,1,1
"16","210926_b6ku_22298_e7_het",1,1,1,1,1,1,1,1,1,1,1,1,1,1,1,1,1,1,1,1,1,1,1,1.22218459209258,1,1,1,1,1,1,1,1,1,1,1,1,1,1,1,1,1,1,1,1,1,1,1,1,1,1,1,1,1,1,1,1,1,1,1,1,1,1,1,1,1,1,1,1,1,1,1,1,1,1,1.04278035332995,1,1,1,1,1.05195529123895,1,1,1,1,1,1,1,1,1,1,1,1,1,1,1,1,1,1,1,1,1,1,1,1,1,1,1,1,1,1,1,1,1,1,1,1,1,1,1,1,1,1,1,1,1,1.0855968496233,1,1,1,1,1,1,1,1,1,1,1,1,1,1,1,1,1,1,1,1,1,1,1,1,1,1,1,1.77545740579501,1,1,1,1,1,1,1,1,1,1,1,1,1,1,1,1,1,1,1,1,1,1,1,1,1,1,1,1,1,1,1,1,1,1,1,1,1,1,1,1,1,1,1,1,1,1,1,1,1,1,1
"17","210926_b6ku_22300_e9_het",1,1,1,1,1,1,1,1,1,1,1,1,0.922060337675078,0.94054828491592,1,1,1,1,1.04466514013632,1,0.941659014008068,1,1,1,1,1,1,1,1,1,0.931812053552649,1.0891297506647,1,1,1,1,1,0.939439116297416,1,1.13840310870081,1,1,1,1,1,1,1,1,1,1.05570420555738,1,1.01660798463656,1,1,1,1,1,1,1,1,1,1,1,1,1,1,1.10137491141267,1.04837541754159,1,1,1,1.32457089870536,1,1,1,1,1,1,1,1,1,1,1,1,1,1,1,1,1,0.957476352329922,1,0.942423887714824,1,1,1,1,1,1,1,1,1,1,0.933479418868374,0.799928414656179,1,1,1,1,1,1,1,1,1,1,1,1,1,1,1,1,1,1,1,1,1,1,1,1,1,1,1,1,1,1,1,1,1,1.04466514013632,1,1,1,1,1,1.03484185734166,1,1,1,1,1,1,1,0.882923121682292,1,1,1,1,1,1,1,1,1,1,1,1,1,1,1,1,1,1,1.05835750564677,1,1,1,1,1,1,1,1,1,1,1,1,1,1,1,1.07775646396344,1,1,1,1,1,1,1,1.060635894842,1,1,1.03454926885531,1,1,1,1,1,1,1
"18","220408_BL6_Ku_37_e4_het",1,1,1,1,1,1,1,1,1,1,1,1,1,1,1,1,1,1,1,1,1,1,1,1,1,1,1,1,1,1,1,1,1,1,1,1,1,1,1,1,1,1,0.926403983107475,1,1,1,1,1,1,1,1,1,1,1,1,1,1,1,1,1,1,1.12233119510248,1,1,1,1,1,1,1.15271247786745,1,1,1,1,1,1,1,1,1,1,1,1,1,1,1,1,1,1,1.18081844849243,1,1,1,1,1,1,1,1,1,1,1,1,1,1,1,1,1,1,1,1,1,1,1,1,1,1,1,1,1,1,1,1,1,1,1,1,1,1,1,1,1,1,1,1.18414664240963,1,1,1,1,1,1,1,1,1,1,1,1,1,1,1,1,1,1,1,1.10236722802103,1,1,1,1,1,1,1,1,1,1,1,1,1,1,1,1,1,1,1,1,1,1,1,1,1,1,1,1,1,1,1,1,1,1,1,1,1,1,1,1,1,1,1,1,1,1,1,1,1,1,1,1,1
"19","220409_BL6_Ku_33_e1_het",1,1,1,1,1,1,1,1,1,0.928692239979735,0.429025824405441,0.172567249271309,1,1,1,1,1,1.14631377164086,1,1,1,1,1,1,1,1,1,1,1,1,1,1,1,1,1,1,0.999043188383499,1,1,1,1,1,1,0.490302245999192,1.1122535862047,1,1,1,1,1,1,1,1,1,0.762566046532883,1,1,0.810612096434371,1,1,1,1,1,1,1,1,1,1,1,1,0.196988500697855,1,1,1,1,1,1,1,1,0.484352585946883,1,1,1.21988867647263,1,1,1,1,1,1,1,1,1,1,1,0.79188548791655,1,1,1,1,1,1,1,1,1,1,1,1,1,1,1.00095898841516,0.988448805842091,1,1,1,1,1,1,1,1,1,1,1,1,1,1,1,1,0.374982252756723,1.22111279809676,1,1,1,1,1,1.08952266280926,1,1,1,1,1,1,1,1,1,1,1,0.282608991784965,1.01200352671834,1,1,1,1,1.15665642472282,1,1,1,1.04256736518794,1,1,1,1,1,1.6493502037636,1,1,1,1,1,1,1.12717882405046,1,1,1,1,1,1,1,1,1,1,1,1,1,0.349178173089766,1,1,1,1,1,1,1,1,1,1,1,1,0.900311510982263,1,1,1,1,1,1,1,1
"20","220409_BL6_Ku_33_e4_het",1,1,1,1,1,1,0.913288246839879,1,1,1,1,1,1,1,1,1,1,1.13470458759692,1,1,1,1,1,1,1,1,1,1,1,1,1,1,1,1,1,1,1,1,1,1,1,1,1,1,1,1.070960071112,1,1,1,1,1,1,1,1,1,1,1,1,1.070960071112,1,1,1,1,1,1,1,1,1,1,1,1,1,1,1,1,1,1,1,1,1,1,1,1,1,1,1,1,1,1,1,0.909350635783352,1,1,1,1,1,1,1,1,1,1,1,1,1,1,1,1,1,1,1,1,1,1,1,1,1,1,1,1,1,1,1,1,1,1,1,1,1,1,1,1,1,1,1,1,1,1,1,1,1,1,1,1,1,1,1,1,1,1,1,1,1,1,1,1,1,1,1,1,1,1,1,1,1,1,1,1,1,1,1,1,1.0227890729163,1,1,1.2767488900302,1,1,1,1,1,1,1,1,1,1,1,1,1,1,1,1,1,1,1,1,1,1,1,1,1,1,1,1,1,1
"21","220409_BL6_Ku_33_e5_het",1,1,1,1,1,1,1,1,1.02005895408156,1,1,1,1,1,1,1,1,1,1,0.735344951979358,1,1,1,1,1,1,1,1,1,1,1,1,1,0.975955321984741,1,1,1,1,1,1,1,1.42351263319661,1,1,1,1,1,1,1,1,1,1,1,1,1,1,1,0.717021653295517,1,1,1,1,1,1,1,0.977468090615668,0.913214983908441,1,1,1,1,1,1,1,1,1,1,1,1,1,1.59246259426678,1,1,1,1,1,1,1,1,1,1,1,1,1,1,0.963428098450731,1.3326331827697,1,1,1,1,1,1,1.18387508306057,1,1.07546714027129,1.06655553929222,1,1,1,1,1,1,1,1,1,1,1,1,1,1,1.59246259426678,1,1.41065689544297,1,1,1,1,1,1,1,1,1,1,1,1,1,1,1.5506980198507,1.3326331827697,1,1,1,1,1,1.0678986926995,1,1,1,1.22133542407684,1,1,1,1,1,1,1,1,1,1,1.25204615736535,1,1,1,1,1,1,1,1,1,1,1,1,1,1,1,0.920706077944581,0.971437604658612,1,1,1,1,1,1,1.07591692901349,1,1,1,1.1762870477343,1,1,1,1,1,1,1,1,1,1,0.913592808942909,1.11148233844366,1,1,1,1
"22","220409_BL6_Ku_33_e6_het",1,1,1,1,1.07839614169911,1,1,0.958947413202707,1,1,1,1,1,1,1,1,1,1,1,1,1,1,1,1,0.973072818678786,1,1,1,1,1,1,1,1,1,1,1,1,1,1,1,1,1.20115566600689,1,1,1,1,1,1,1,0.966398384603978,1,1,1,1,1,1,1,1,1,1,1,1,1,0.968134920341841,1,1,1,1,1,1,1,1,1,1,1,1,1,1,1,1,1,1.02890862800593,1,1,1.07227811457428,1,1,1,1,1,1,1,1,1,1,1,1,1,1,1,1,1,1,1,1,1,1,1,1,1,1,1,1,1,1,1,1,1,1,1.02311811001826,1.02888001821653,1,1,1.2722280081556,1,1,1,1,1,1,1,1,1,1,1,1,1.8623768190469,1,1.48356486733235,1,1,1,1,1,1,1,1,1,1,1.16066607415092,1,1,1,1,1,1,1,1,1,1,1,1,1,1,1,1,1,1,1,1,1,1,1,1,1,1,0.95268550569291,1,1,1,1,1,1,1,1,1,1,1.10267218232721,1,1,1,1,1,1,1,1,1,1,1,0.947242691368702,1,1,1,1,1
"23","220409_BL6_Ku_33_e7_het",1,1,1,1,1,0.935650401875494,1,1,1,1,1,1,1,1,1,1,1,1,1,1,1,1,1,1,1,1,1,1,1,1,1,1,1,1,1,1,1,1,1,1,1,1,1,1,1,1,1,1,1,1,1,1,1,1,1,1,1,0.877107566194296,1,1,1,1,1,1,1,1,1,1,1,1,1,1,1,1,1,1,1,1,1,1,1,1,1,1,1,1,1,1,1,1,1,1,1,1,1,1,1,1,1,1,1,1,1,1,1,1,1,1,1,1,1,1,1,1,1,1,1,0.951873796209377,1,1,1,1,1,1.19577969125473,1,1,1,1,1,1,1,1,1,1,1,1,1,1,1,1,1,1,1,1,1,1,1,1,1,1,1,1,1,1.76675215117857,1,1,1,1,1,1,1,1,1,1,1,1,1,1,1,1,1,1,1,1,1,1,0.962806217057083,1,1,1,1,1,1,1,1,1,1,1,1,1,1,1,1,1,1,1,1,1,1,0.959327751783004,1,1,1,1,1
"24","220409_BL6_Ku_33_e8_het",1,1,1,1,1,1,1,1,1,1,1,1,1,1,1.03448153191563,1,1,1,1,1,1,1,1,1,1,1,1,1,1,1,1,1,1,1,1,1,1,1,1,1,1,1,1,1,1,1,1,1,1,0.962937590957753,1,1,1,1,1,1,1,1,1,1,1,1,1,1,1,1,1,1,1,1,1,1,1,1,1,1,1,1,1,1,1,1,1,1,1,1,1,1.08592532874937,1,1,0.91135884718813,1,1,1,1,1,1,1,1,1,0.978985737695976,1,1,1,1,1,1,1,1,1,1,1,1,1,1,1,1,1,1,1,1,1,1,1,1,1,1,1,1,1,1,1.0764733190599,1,1,1,1,1,1,1,1,1,1,1,1,1,1,1,1,1,1,1,1,1,1,1,1,1,1,1,1,1,1,1,1,1,1,1,1,1,1,1,1,1,1,1,1,1,1,1,1,1,1,1,1,1,1,1,1,1,1,1,1,1,1,1,1,1,1,1,1,1,1,1,1,1
"25","220422_BL6_Ku_50_e1_het",1,1,1,1,1,1,1,1,1,1,1,1,1,1,1,1,1,1,1,1,1,1,1,1,1,1.76285066227383,1,1,1,1,1,1,1,1,1,1,1,1,1,1,1,1,1,1,1,1,1,1,1,1,1,1,1,1,1,1,1,1,1,1,1,1,1,1,1,1,1,1,1,1,1,1,1,1,1.05022265332576,1,1,1,1,1,1,1,0.954892819639386,1,1,1,1,1,1,1,1,1,1,1,1,1,0.89823198089535,1,1,1,1,1,1,1,1,1,1,1,1,1,1,1,1,1,1,1,1,1,1,1,1,1,1,1,1,1,1,1,1,1,1,1,1,1,1,1,1,1,1,0.89823198089535,1,1,1,1,1,1,1,1,1,1,1,1,1,1,1,1,1,1,1,1,0.762349876204521,1,1,1,1,1,1,1,1,1,1,1,1,1,1,1,1.05740510141118,1,1,1,1,1,1,1,1,1,1,1,0.968301850120537,1,1,1,1,1,1,1,1,1,1,1.05985512703266,1,1,1,1,1
"26","220422_BL6_Ku_50_e2_het",1,1,1,1,1,1,1,1,1,1,1,1,1,1,1,1,1,1,1,1,1,1,1,1,1,1,1,1,1,1,1,1,1,1,1,1,1,1,1,1,1,1,1,1,1,1,1,1,1,1,1,1,1,1,1,1,1,1,1,1,1,1,1,1,1,1,1,1,1,1,1,1,1,1,1,1,1,1,1,1,1,1,1,1,1,1,1,1,1,1,1,1,1,1,1,1,1,1,1,1,1,1,1,1,1,1,1,1,1,1,1,1,1,1,1,1,1,1,1,1,1,1,1,1,1,1,1,1,1,1,1,1,1,1,1,1,1,1,1,1,1,1,1,1,1,1,1,1,1,1,1,1,1,1,1,1,1,1,1,1,1,1,1,1.05205195158703,1,1,1,1,1,1,1,1,1,1,1,1,1,1,1,1,1,1,1,1,1,1,1,1,1,1,1,1,1,1,1,1,1,1,1,1,1,1,1,1,1
"27","220422_BL6_Ku_50_e4_het",1,1,1,1,1,1,1,1,1,1,1,1,1,1,1,1,1,1,1,1,1,1,1,1,1,1,1,1,1,1,1,1,1,1,1,1,1,1,1,1,1,1,1,1,1,1,1,1,1,1,1,1,1,1,1,1,1,1,1,1,1,1,1,1,1,1,1,1,1,1,1,1,1,1,1,0.896730624555353,1,1,1,1,1,1,1,1,1,1,1,1,1,1,1,1,1,1,1,1,1,1,1,1,1,1,1,1,1,1,1,1,1,1,1,1,1,1,1,1,1,1,1,1,1,1,1,1,1,1,1,1,1,1,1,1,1,1,1,1,1,1,1,1,1,1,1,1,1,1,1,1,1,1,1,1,1,1,1,1,1,1,1,1,1,1,1,1,1,1,1,1,1,1,1,1,1,1,1,1,1,1,1,1,1,1,1,1,1,1,1,1,1,1,1,1,1,1,1,1,1,1,1,1,1,1,1,1,1
"28","220422_BL6_Ku_50_e7_het",1,1,1,1,1,1,1,1,1,1,1,1,1,1,1,1,1,1,1,1,1,1,1,1,1,1,1,1,1,1,1,1,1,1,1,1,1,1,1,1,1,1,1,1,1,1,1,1,1,1,1,1,1,1,1,1,1,1,1,1,1,1,1,1,1,1,1,1,1,1,1,1,1,1,1,0.865212357416074,1,1,1,1,1,1,1,1,1,1,1,1,1,1,1,1,1,1,1,1,1,1,1,1,1,1,1,1,1,1,1,1,1,1,1,1,1,1,1,1,1,1,1,1,1,1,1,1,1,1,1,1,1,1,1,1,1,1,1,1,1,1,1,1,1,1,1,1,1,1,1,1,1,1,1,1,1,1,1,1,1,1,1,1,1,1,1,1,1,1,1,1,1,1,1,1,1,1,1,1,1,1,1,1,1,1,1,1,1,1,1,1,1,1,1,1,1,1,1,1,1,1,1,1,1,1,1,1,1
"29","220422_BL6_Ku_50_e8_het",1,1,1,1,1,1,1,1,1,1,1,1,1,1,1,1,1,1,1,1,1,1,1,1,1,1,1,1,1,1,1,1,1,1,1,1,1,1,1,1,1,1,1,1,1,1,1,1,1,1,1,1,1,1,1,1,1,0.930277522903015,1,1,1,1,1,1,1,1,1,1,1,1,1,1,1,1,1,1,1,1,1,1,1,1,1,1,1,1,1,1,1,1,1,1,1,1,1,1,1,1,1,1,1.00815626057003,1,1,1,1,1,1,1,1,1,1,1,1,1,1,1,1,1,1,1,1,1,1,1,1,1,1,1,1,1,1,1,1,1,1,1,1,1,1,1,1,1,1,1,1,1,1,1,1,1,1,1,1,1,1,1,1,1,1,1,1,1,1,1,1,1,1,1,1,1,1,1,1,1,1,1,1,1,1,1,1,1,1,1,1,1,1,1,1,1,1,1,1,1,1,1,1,1,1,1,1,1,1,1,1
"30","220613_BL6_Ku_29446_e10_het",1,1,1,1,1,1,1,1,1,0.940288522633649,1,1,1,1,1,1,1,1,1,1,1,1.25416784056149,1,1,1,1,1,1,1,1,1,1,1,1,1,1,1,1,1,1,1,1,1,1,1.09758121855554,1,1,1,1,1,1,1,1,1,1,1,1,1,1,1,1,1,1,1,1,1,1,1,1,1,1,1,1,1,1,1,1,1,1,1,1,1,1,1,1,1,1,1,1,1,1,1,1,1,1,1,1,1,1,1,1,1,1,1,1,1,1,1,1,1,1,1,1,1,1,1,1,1,1,1,1,1,1,1,1,1,1,1,1,1,1,1,1,1,1,1,1,1,1,1,1,1,1,1,1,1,1,1,1,1,1,0.843271628910097,1.1356885081911,1,1,1,1,1,1,1,1,1,1,1,1,1,1,1,1,1.10649662072697,1,1,1,1,1,1,1,1,1,1,1,1,1,1,1,1,1,1,1,1,1,1,1,1,1,1,0.913654467842127,1,1,1,1,1,1,1,1
"31","220613_BL6_Ku_29446_e5_het",1,1,1,1,1,1,1,1,1,1,1,1,1,1,1,1,0.94537025361999,1,1,1,1,1,1,1,1,1,1,1,1,1,1,1,1,1,1,1,1,1,1,1,1,1,1,1,1,1,1,1,1,1,1,1,1,1,1,1,1,1,1,1,1,1,1,1,1,1,1,1,1,1,1,1,1,1,1,1,1,1,1,1,1,1,1,1,1,1,1,1,1,1,1.0580989187017,1,1,1,1,1,0.967319393922806,1,1,1,1,1,1,1,1,1,1,1,1,1,1,1,1,1,1,1,1,1,1,1,1,1,1,1,1,1,1,1,1,1,1,1,1,1,1,1,1,1,1,0.967319393922806,1,1,1,1,1,1,1,1,1,1,1,1,1,1,1,1,1,1,1,1,1,1,1,1,1,1,1,1,1,1,1,1,1,1,1,1,1,1,1,1,1,1,1,1,1,1,1,1,1,1,1,1,1,1,1,1,1,1,1,1,1,1,1,1,1
"32","220613_BL6_Ku_29446_e8_het",1,1,1,1,1,1,1,1,1,0.952085828435874,1,1,1,1,1,1,1,1,1,0.926350480130129,1,1,1,1,1,1,1,1,1,1,1,1,1,1,0.987487676375742,1,1,1,1,1,1,1,1,1,1,1,1,1,1,1,1,1,1,1,1,1,1,1,1,1,1,1,1,1,1,1,1,1,1,1,1,1,1,1,1,1,1,1,1,1,1,1,1,1,1,1,1,1,1,1,1,1,1,1,1,1,1,1,1,1,1,1,1,1,1,1,1,1,1,1,1,1,1,1,1,1,1,1,1,1,1,1,1,1,1,1,1,1,1,1,1,1,1,1,1,1,1,1,1,1,1,1,1,1,1,1,1,1,1,1,1,1,1,1,1,1,1,1,1,1,1,1,1,1,1,1,1,1,1,1.08545588857574,1,1,1,1,1,1,1,1,1,1,1,1,1,1,1,1,1,1,1,1,1,1,1,1,1,1,1,1,1,1,1,1,1,1,1
"33","220613_BL6_Ku_29447_e3_het",1,1.10087824634081,1,1,1,1,1,1,1,1,1,1,1.03461294162763,1,1,1,1,1,1,1,1,1,1.25684527191318,1.03770085814443,1,2.23888264762879,1,1,1,1,1,1,1,1,1,1,1,1,1,1,1,1,1,1,1,1,1,1,1,1,1,1,1,1,1,1,1,1,1,1,1,1,1.2567803227844,1,1,1,1,1,1,1,1,1,1,1,1,1,1,1,1.03649072697568,1,1,1,1,1,1,1,1,1,1,1,1,1,4.88705921858965,1,1,1,1,1,1,1,1,1,1,1,1,1,1,1,1,1,1,1.03857574795127,1,1,1,1,1,1,1,1,1,1,1,1,1,1,1,1,1,1,1,1,1,1,1,1,1,1,1,1,1,1,1,1,1,1,1,1,1,1,1,1,1,1,1.2567803227844,1,1,1,1.01805026242499,1,1,1,1,1,1,1,1,1,1,1,1,1,1,1,1,1,1,1,1,1,1.10492546035253,1,1.02809827144618,1,1,1,1,1,1,1,1,1.02638552453631,1.25684527191318,1,1,1,1,1,1,1,1,1,1,1,1
"34","220613_BL6_Ku_29447_e8_het",1,1,1,1,1,1,1,1,1,1,1,1,1,1,1,1,1,1,1,1,1,1,1,1,1,1,1,1,1,1,1,1,1,1,1,1,1,1,1,1,1,1,1,1,1,1,1,1,1,1,1,1,1,1,1,1,1,1,1,1,1,1,1,1,1,1,1,1,1,1,1,1,1,1,1,1,1,1,1,1,1,1,0.970667759546258,1,1,1,1,1,1,1,1,1,1,1,1,1,1,1,1,1,1,1,1,1,1,1,1,1,1,1,1,1,1,1,1,1,1,1,1,1,1,1,1,1,1,1,1,1,1,1,1,1,1,1,1,1,1,1,1,1,1,1,1,1,1,1,0.804269642406546,1,1,1,1,1,1,1,1,1,1,1,1,1,1,1,1,1,1,1,1,1,1,1,1,1,1,1,1,1,1,1,1,1,1,1,1,0.822934790636927,1,1,1,1,1,1,1,1,1,1,1,1,1,1,1,1,1,1,1,1,1
"35","210913_b6ku_22300_e6_het",0.995377752767742,1.31528229800031,1.0251507641857,0.678894762575996,0.889643611280706,0.899669667963089,1.18657639451753,1.10483934612036,0.952896435868504,0.930842683718932,0.596331800014386,0.434124565605927,1.53373007197534,1.43440959960246,0.87277565753459,1,0.94293404033219,0.92195282903206,1.05697050330861,0.292970122310854,1.41687275388853,1.00232513161063,0.404879973351427,2.16484136728217,1.06593616808757,1,0.378803767754422,1,0.376725105524805,3.0844947743417,1.3081072782995,1.12002628716704,1,1.05988911263917,0.99520202915407,1,0.999650546413456,1.45192180763858,1.6349784657975,0.386190805383407,1.02134921417021,1,1.19040436154793,0.841794810255071,1.1187485094901,0.926973025326486,0.978260274040444,0.992365047309365,0.879427978068518,1,1.06468047399065,1.02952650669648,0.360845221874064,0.992365047309365,2.11185413732599,1.23067095135174,1.0530875592697,0.316560380558384,0.926973025326485,1.0251507641857,0.820693333466705,0.812721352756359,0.404750592034382,1.07413690360019,1.13121646916526,1.0565235042907,0.736381114219156,1.05539671554291,1,1,0.477106830495574,1,2.21842578444765,1.4923376763095,1,0.778242061906904,0.876975967307866,0.842927137801454,1.00075455927354,0.841639282766704,0.54414528239675,0.991695313188852,1,1,0.871237308805504,1.06296652746987,0.364460221025604,0.704766059391801,1.06256212145504,0.951304391082504,0.701938664255947,0.928718207775368,0.90870227004751,0.378789729625839,1,1.09124714503334,0.462349133681833,0.813752375202857,1.46613261239722,1.02140232460295,0.47918895363561,0.978401195073475,1.41411223378716,1.60840411893149,0.371582085085277,0.855619144711362,0.888428613571791,0.860932757980039,1,1.00035024861253,0.997027620914887,1.03789433112283,0.745659638855206,1.43950867977565,1,1.94737384158471,0.993532317921897,0.924148262978405,0.753100581555009,0.947684477390301,0.991577617653314,0.54414528239675,1.01496103122604,1,1,1,1.0232134404109,0.6680476729786,1.06641579782453,1.0527873601168,1.04228677498802,0.754203175073322,0.905854179092757,0.492853406338549,1.12703722696981,0.378788792768383,1,1.05697050330861,1,0.462349133681833,1,1,0.997416566648078,1.03984098862242,1.04881477046023,0.881160136795791,0.635056941225451,1.00308877431004,0.442427036567601,1.68078323647142,1,0.765784301954534,1.15944254283357,5.38199798254937,0.404750592034382,0.378809857778869,1.07131962697272,0.977830341607589,1.07305327669884,0.781860958328921,1,0.380390381501068,0.608798639381424,1.45414892888716,1.06308875485768,0.807190916989895,0.939697481569135,1.25197588947065,0.720447175217436,1.12476789738154,1.10362181801508,0.92570628609661,0.987276063198437,1.0251507641857,0.540090876779264,1,1,1.06544871450379,0.657839111358287,1.01212572441244,1.36128920221986,1.42656517052961,1.12173895296119,0.67247289807666,0.852871430657197,1.01754280823672,1.09626596670702,0.850580587953796,0.542503517737595,1,1.02740184442941,1.081601538449,0.404879973351427,2.0010744765519,1.07068033370509,0.375189530725266,0.900461722400509,1.03537354176408,1.07337966023552,1,0.82547217710827,1,0.837301258331468,0.379081792948357,1.08804922473475
"36","210913_b6ku_22300_e8_het",0.992982274942865,2.09270999976752,1.03818513791307,0.822829888181872,0.667786797234412,1,1.55016484574086,1.26170524922701,0.89060759963523,1,1,1,2.10855028452719,2.10037382923108,0.750173704734357,0.79457413096454,0.936775010039904,0.430207086349491,1.02253779796841,0.338391851115616,2.06545226661466,1.08340416126301,0.282980983643761,3.38630582182843,1.15248727457624,1,0.280885136465479,0.990155182958629,0.27057866069769,2.62822158120416,1.40557781501399,1.0513213221652,0.425276376091674,1.11769442174492,0.984284995916383,0.955470288746174,0.999258532072587,2.13524633021909,1.4976435884726,0.275597017243684,1.03721483377418,0.508142154047382,1.35957855562802,1,1,0.427893222183442,0.967447224228096,0.988408236056007,0.725698635110274,0.717869963977722,1.14780622602647,1.02970630105655,0.361330790918821,0.988408236056007,1.33705901743633,2.01392394207502,1.15380712538349,0.408538211498929,0.427893222183443,1.03818513791307,0.653667312704839,0.602444696580327,0.28285832789223,1.18279822193712,1.27817405671359,1.13556404802724,0.692974634744874,1.03021930941786,1,1.04445999522346,1,1,2.63631482297281,1.43200591839509,1,1,0.716894906227366,0.680455979589626,1.10870608266219,1,0.207626372758989,0.970073144026548,1,0.961825952654142,0.680042149070786,1.11701541540238,0.265383439481823,0.559544383090452,1.13691180211438,0.973436192764368,1.03452168632533,0.969443912966621,0.869578906306844,0.280640343736757,0.54288926195776,1.22953470435883,0.252748962979545,0.638481559621258,2.10159803419789,1.03760877603446,0.48066274353284,0.967643430048273,1.99022213033121,1.6868161657235,0.280770058173842,0.706731531582076,0.729601360541243,0.725721122178253,1.01015111347799,1.00074315480742,0.992449190699969,1.13036479168026,0.729517707243529,2.04459605459986,1,2.73203195290976,0.990074582595707,1,0.532956172230581,0.872619663435975,0.970153407114825,0.207626372758989,1.09226146152218,0.529593833861812,3.25201750551487,1,1.09920458069278,1,1,1.09688187310237,1.10154726924324,0.571239139408043,0.868906538385339,0.571198944937523,1.36173671312959,0.280645750636807,0.102332508906295,1.02253779796841,1,0.252748962979545,1,1,0.996077703321299,1.02186290550439,1.09936349169279,0.752491071659282,1,1.00784649101547,0.477447336043981,1.7673149999691,1,0.711543199248494,1,12.7076793498067,0.28285832789223,0.28076088559331,1,0.822500513001014,1.15438570468924,0.171456525309003,0.580671264967287,0.275408694985752,1,2.14726281830141,1.14539235857797,0.624126094496325,0.873005136624698,1.19931079921821,1.09525242826853,1,1.07648338508115,0.765303876039074,0.909408296034506,1.03818513791307,0.713140632144837,1.06200991732047,1.09683840702497,1.15971934711435,0.483981683672243,1.10284320552645,2.14684749215496,1.4114065220017,1.26732082185967,1,0.724350368709974,1.14083297227152,1.04126595537585,0.631512889825815,0.731140618383683,1.03203631073099,1.11552578171874,1.16110306179762,0.282980983643761,2.63834592754307,1.03620232723135,0.460373770435622,1,1.01831477271083,1.11615279931831,1.10006559246761,0.646127215269225,1,0.663627585297134,0.280711181916848,1.1882226206075
"37","210926_b6ku_22296_e7_het",1,1,1,1,1,0.93223758854871,1.04197671261738,1,1,1,0.746249169019326,0.596002432338384,1,1,1,0.995999069918131,1,1,1,0.838538775114482,1,1,0.929615004680368,1.45719625937258,1,1,0.91013481088953,0.991900904676274,0.912158762962141,1,1,1,1,1,1,0.943957587296264,1,1,1.37304601209133,0.925259130158262,1,1,1,0.869947128745151,1,1,1,1,1,1,1,1,0.928136951006803,1,1,1,1,1,1,1,1,1,0.929484436349657,1,1,1,1,1,1,1.05296442114115,0.614105583049756,1,1,1,1,1,1,1,1,0.842669956884942,1,1,1,0.954523919534272,1,1,0.931588237033773,1,1,1,0.818549872944115,1,1,0.910040827728074,0.910699671790197,1,1,1,1,1,0.867773431295961,1,1,1,0.910181050652924,1,1,1,1.00835107807029,1,1,1,1,1,0.916575229056243,1,1,0.950273626136951,1,1,1,1,1,1,1,1,1,0.8334130668886,1.05348808716374,1,1,1,1,0.728966969684667,1,0.909976244060865,1,1,0.793352423247294,1,0.943411593855161,1.13088511471769,1,1,1,1,0.789862905476182,1,1,1,0.933632850319484,1,1,1,0.929484436349657,0.910151315612654,1.04194961132876,1,1,1,1,0.905091591209032,1,1,1,1,1,1,0.894505382766821,1,1,1,1,1,1,1.078041947283,1,1,1,1,1,1,1,0.798963464320031,1,1,1,1,0.873993835359866,1.03810160839054,1,1,0.929615004680368,1,1,1,1,1,1,1,1,1.14307518846636,1,0.909936960281151,1
"38","210926_b6ku_22299_e1_het",0.991925180156887,1.23223776289748,1.04393704609715,1,0.926713047959769,1,1.13165600974902,1.06081487390796,0.977711951958994,0.947385031774602,1,1,1.26971740399723,1.23524964749621,1,1,0.945321424829343,0.852317696228478,1,0.672435884312207,1.24903083997234,1,0.564447527202758,1.69056486564677,1.03811462621056,1,0.576033863501082,1,0.57344242807412,1.60690742896039,1.15294630397235,1.05555438942481,0.906385202603674,1.02241309801096,1,1,0.999517266572906,1.22148781634567,1,0.574314253512554,1.04317705957845,0.803707475904207,1,1,1.0880102834948,0.875949290280494,0.9618936274667,0.98666214410659,0.935374702247935,0.933693962490892,1.04509146006799,1.02155498590991,0.579480118263319,0.98666214410659,1,1.14528935813562,1.0342821101222,0.634022266035888,0.875949290280495,1.04393704609715,0.846990973428212,1,0.564349986457169,1.04481171092307,1,1.02828623376094,1,1,1,1,1,1,1.61185567625256,1,1,0.863499727680096,0.925735714159359,0.868553738411353,1,1,0.521974842237026,0.985047371104926,1,1,0.914848177370786,1,0.611098907429666,1,1,1,0.753263847861542,1,1,0.576023801669282,1,1.04233276384606,0.641856328108588,0.839345688094397,1.3093455136241,1.04318126320765,0.605067852884361,0.962047702237195,1.24239145242523,1,0.576062705563573,0.920606043595473,1,0.931927097776191,1,1.00048383167199,0.995554124118195,1,1,1.2750785501431,0.893569371684981,1.32659124303023,0.98744239658158,1,0.780717419358383,0.967915720054857,0.985047754552296,0.521974842237026,1,0.830300460930151,1.84918642470449,1,1,1,1,1.02409720520068,1,1,1,0.6342494060018,1.12648593778088,0.575611847238932,0.365199191864977,1,0.745922935854463,0.641856328108588,0.943974402435786,1.12993691830422,0.995486879466794,1,1,1,1,1.00461997168467,0.599351235284996,1,0.93386134788646,0.904091525118102,1.12207887042784,3.53923362443589,0.564349986457169,0.576043885958687,1.03879023307103,0.956918545192022,1.05308692201227,1,0.845717597414076,0.573676484740168,0.619841664108598,1.2486168581245,1.04243755632253,0.832118412214452,0.953522271873594,1.15384138428323,0.893090362909383,1.09383985395778,1.0740659629551,0.942344560354219,0.961603807950738,1.04393704609715,1,1,1.03624681081659,1.03120139686327,0.400775051859807,1.02778532142085,1.29546706558949,1,1.08595962869361,1,1,1.03881128413412,1,0.91602965846283,0.639209311157613,1,1,1.06124993550909,0.564447527202758,1.61309750344335,1,0.585987075537388,0.922314975874905,1,1,1.03758222294972,0.901756032055983,1.14179484458174,0.862385434238899,0.576127525836902,1.06759600017574
"39","220422_BL6_Ku_50_e5_het",0.992282670321691,1.76018876724786,1.04199185572072,0.80238351136286,0.750317825317783,0.780099645950737,1.4428103321141,1.18091218038806,0.929396674900851,0.961903344600532,0.719060712645329,0.421233670045535,1.60252577743198,1.58512828618242,0.775877060808254,0.889927743107502,1,0.421956562948358,1.07913354265266,0.442447289778822,1.58919086478609,1.12684964641205,0.313826178798502,3.81383991457042,1.10781363662252,1,0.304020593604395,0.985257899036851,0.30371010814246,2.02264543599732,1.27106216490673,1.16518790726374,0.564279657545199,1.06927566290354,0.98321248118424,0.901774621883609,1,1.58107141513325,1,0.324334951284556,1.04316897061602,0.643323659210658,1.30697370274384,0.716958713930141,1.06700252991699,0.499323173331837,0.964131319918098,0.987252640537979,0.780304506015263,0.827336642209804,1.09955550878896,1.02899015906333,0.363298247815399,0.987252640537979,1.50689021595409,1.60652196967952,1.09995248942738,0.406340740519282,0.499323173331837,1.04199185572072,0.720557052305003,0.698035348572279,0.313728811143676,1.13276716224121,1.23454525358883,1.08445545755406,0.836817431800565,1.06301659142507,1,1.07489722966132,0.430697671327426,1,2.02887389049403,1.38831714102483,1,0.874970061719918,0.772724861907259,0.736624556176367,1.0463510079557,0.687942673268436,0.550283534214136,0.98151375948923,1,0.935692067064014,0.758983510169229,1.08845669116025,0.299084439437691,0.568234127538674,1.05138093002241,0.944606259391462,1,0.908662444723395,0.893070779958432,0.30391275709394,0.81637643469212,1.14246987067157,0.305229094811319,0.700297091201631,1.60950814095582,1.04350298191994,0.476891068498213,0.964339399681442,1.5855853905393,1.38576880286748,0.304035838856439,0.828531329258129,0.829837738346559,0.75929032881333,1.0152007639301,1,1,1.06156462106474,0.477974221909799,1.59726452196977,0.848772659002331,2.24350654495627,0.987795777923008,0.83293474693512,0.601010821329292,0.905178670963722,0.981560356153128,0.550283534214136,1.06294037351393,0.798889080964268,2.80295201753425,1,1.04485857127508,0.757917454145709,1.11965095132581,1.08028644884638,1.08701898612965,0.606580504772303,0.890037917684118,0.428640302683311,1.23057554497303,0.303811331526898,0.114617868516575,1.07913354265266,0.65822439348932,0.305229094811319,0.783917143060925,1.36193024493733,0.995686685311945,1.04525379832314,1.09512905165758,0.860283525272345,0.710282541240407,1,0.428551330273378,1.51435425838431,0.767424920399382,0.635720410190361,1.09239521977319,5.58821317738566,0.313728811143676,0.30402590619754,1.06492047261465,0.842561249677917,1.11619207830939,0.101834495063158,0.813688388280944,0.29911888888643,0.47638688976628,1.68466108043052,1.09418900024277,0.681144852688917,0.89862157788331,1.21112909237364,1,1.06794615105822,1.11203666439397,0.802714574886634,0.889760024603279,1.04199185572072,0.446566994313467,1.13678390010324,1.04108038136411,1.10142160865226,0.431944290890478,1.10331977703872,1.69827611260832,1.3357491410717,1.20059827222958,0.717925743235334,0.851346419739446,1.14107076291057,1.12335124834754,0.700329788885458,0.566268304489871,1.05366932952614,1.06105700743085,1.13317728097592,0.313826178798502,2.03043700237868,1.08267680088455,0.403746933683605,0.941204199777008,1.04161181613062,1.08481644807782,1.04202625568543,0.807918268376989,1.49457874079063,0.711900267887737,0.304035715291678,1.14950605866059
"40","211219_Ku_C3H_56_e5_het",1,1,1,1,1,1,0.977680009301869,1,1,1,0.961886235415317,1,1,1,1,1.15347462087237,1,1,1,1,1,1,1,1,1,1,1,1,1,1,1,1,1,1,1,1,1,1,1,1,1,1,1,1,1,1,1,1,1,1,1,1,1,1,1,1,1,1,1,1,1,1,1,1,1,1,1,1,1,1,1,1,1,1,1,1,1,1,1,1,1,1,1.12702279035314,1,1,1,1,1,1,1,1,1,1,1,0.976728940099375,1,1,1,1,1,1,1,1,1,1,1,1,1,1,1,1,1,1,1,1,1,1,1,1,1,1,1,1,1,1,1,1,1,1,1,1,1,1,1,1,1,1,1,1,1,1,1,1,1,1,1,1,1,1,1,1,1,1,1,1,1,1,1,1,1,1,1,1,1,1,1,1,1,1,1,1,1,1,1,1,1,1,1,1,1,1,1,1,1,1,1,1,1,1,1,1,0.98535113228931,1,1,1,1,1,1,1,1,1,1,1,1,1
"41","211219_Ku_C3H_57_e1_het",1,1,1,1,1,1,1,1,1,1,1,1,1,1,1,1,1,1,1,1,1,1,1,1,1,1,1,1,1,1,1,1,1,1,1,1,1,1,1,1,1,1,1,1,1,1,1,1,1,1,1,1,1,1,1,1,1,1,1,1,1,1,1,1,1,1,1,1,1,1,1,1,1,1,1,1,1,1,1,1,1,1,1,1,1,1,1,1,1,1,1,1,1,1,1,1,1,1,1,1,1,1,1,1,1,1,1,1,1,1,1,1,1,1,1,1,1,1,1,1,1,1,1,1,1,1,1,1,1,1,1,1,1,1,1,1,1,1,1,1,1,1,1,1,1,1,1,1,1,1,1,1,1,1,1,1,1,1,1,1,1,1,1,1,1,1,1,1,1,1,1,1,1,1,1,1,1,1,1,1,1,1,1,1,1,1,1,1,1,1,1,1,1,1,1,1,1,1,1,1,1,1,1,1,1
"42","211219_Ku_C3H_57_e5_het",1,1,1,1,1,1,1,1,1,1,1,1,1,1,1,1,1,0.883609605901872,1,1,1,1,1,1,1,1,1,1,1,1,1,1,1,1,1,1,1,1,1,1,1,1,1,1,1,1,1,1,1,1,1,1,1,1,1,1,1,1,1,1,1,1,1,1,1,1,1,1,1,1,1,1,1,1,1,1,1,1,1,1,1,1,1,1,1,1,1,1,1,1,1,1,1,1,1,1,1,1,1,1,1,1,1,1,1,1,1,1,1,1,1,1,1,1,0.9522030052257,1,1,1,1,1,1,1,1,1,1,1,1,1,1,1,1,1,1,1,1.03950678074882,1,1,1,1,1,1,1,1,1,1,1,1,1,1,1,1,1,1,1.95085089369917,1,1,1,0.976666088529433,1,1,1,1,1,1,1,1,1,1,1,1,1,1,1,1,1,1,1,1,1,1.0213628912356,1,1,1,1,1,1.02831511833455,1,1,1,1,1,1,1,1,1,1,1,1,1,1,1,1,1,1,1
"43","211219_Ku_C3H_58_e2_het",1,1,1,1,1,1,1,1,1,1,1,1,1,1,1,1,1,1,1,1,1,1.00359414403167,1,1,1,1,1,1,1,1,1,1,1,1,1,1,1,1,1,1,1,1,1,1,1,1,1,1,1,1,1,1,1,1,1,1,1,1,1,1,1,1,1,1,1,1,1,1,1,1,1,1,1,1,1,1,1,1,1,1,1,1,1,1,1,1,1,1,1,1,1,1,1,1,1,1,1,1,1,1,1,1,1,1,1,1,1,1,1,1,1,1,1,1,1,1,1,1,1,1,1,1,1,1,1,1,1,1,1,1,1,1,1,1,1,1,1,1,1,1,1,1,1,1,1,1,1,1,0.96463966581005,1,1,1,1,1,1,1,1,1,1,1,1,1,1,1,1,1,1,1,1,1,1,1,1,1,1,1,1,1,1,1,1,1,1,1,1,1,1,1,1,1,1,1,1,1,1,0.932364976223657,1,1,1,1,1,1,1,1,1
"44","211219_Ku_C3H_58_e3_het",1,1,1,1,1,1,1,1,1,1,1,1,1,1,1,1,1,1,1,1,1,1,1,1,1,1,1,1,1,1,1,1,1,1,1,1,1,1,1,1,1,1,1,1,1,1,1,1,1,1,1,1,1,1,1,1,1,1,1,1,1,1,1,1,1,1,1,1,1,1,1,1,1,1,1,1,1,1,1,1,1,1,1,1,1,1,1,1,1,1,1,1,1,1,1,1,1,1,1,1,1,1,1,1,1,1,1,1,1,1,1,1,1,1,1,1,1,1,1,1,1,1,1,1,1,1,1,1,1,1,1,1,1,1,1,1,1,1,1,1,1,1,1,1,1,1,1,1,1,1,1,1,1,1,1,1,1,1,1,1,1,1,1,1,1,1,1,1,1,1,1,1,1,1,1,1,1,1,1,1,1,1,1,1,1,1,1,1,1,1,1,1,1,1,1,1,1,1,1,1,1,1,1,1,1
"45","211219_Ku_C3H_58_e5_het",1,1,1,1.10682935843646,1,1,1,1,1,1,1,1,1,1,1,1,1,1,1,1,1,1,1,1,1,1,1,1,1,1,1,1,1,1,1,1,1,1,1,1,1,1,1,1,1,1,1,1,1,1,1,1,1,1,1,1,1,1,1,1,1,1,1,1,1,1,1,1,1,1,1.30589348631821,1,1,1,1,1,1.00709981491223,1,1,1,1,1,1,1,1,1,1,1,1,1,1,1,1,1,1,1,1,1,1,1,1,1,1,1,1,1,1,1,1,1,1,1,1,1,1,1,1,1,1,1,1,1,1,1,1,1,1,1,1,1,1,1,1,1,1,1,1,1,1,1,1,1,1,1,1,1,1,1,1,1,1,1,1,1,1,1,1,1,1,1,1,1,1,1,1,1,1,1,1,1,1,1,1,1,1,1,1,1,1,1,1,1,1,1,1,1,1,1,1,1,1,1,1,1,1,1,1,1.01974055703797,1,1,1,1,1,1,1
"46","211219_Ku_C3H_58_e6_het",1,1,1,1,1,1,1,1,1,1,1,1,1,1,1,1,1,1,1,1,1,1,1,1,1,1,1,1,1,1,1,1,1,1,1,1,1,1,1,1,1,1,1,1,1,1,1,1,1,1,1,1,1,1,1,1,1,1,1,1,1,1,1,1,1,1,1,1,1,1,1,1,1,1,1,1,1,1,1,1,1,1,1,1,1,1,1,1,1,1,1,1,1,1,1,1,1,1,1,1,1,1,1,1,1,1,1,1,1,1,1,1,1,1,1,1,1,1,1,1,1,1,1,1,1,1,1,1,1,1,1,1,1,1,1,1,1.70347611308668,1,1,1,1,1,1,1,1,1,1,1,1,1,1,1,1,1,1,1,1,1,1,1,1,1,1,1,1,1,1,1,1,1,1,1,1,1,1,1,1,1,1,1,1,1,1,1,1,1,1,1,1,1,1,1,1,1,1,1,1,1,1,1,1,1,1,1,1
"47","211219_Ku_C3H_92_e1_het",1,1,1,1,1,1,1,1,1,1,1,1,1,1,1,1,1,1,1,1,1,1,1,1,1,1,1,1,1,1,1,1,1,1,1,1,1,1,1,1,1,1,1,1,1,1,1,1,1,1,1,1,1,1,1,1,1,1,1,1,1,1,1,1,1,1,1,1,1,1,1,1,1,1,1,1,1,1,0.860188320696676,1,1,1,1,1,1,1,1,1,1,1,1,1,1.14775077490308,1,0.913505710045569,1,1,1,1,1,1,1,1,1,1,1,1,1,1,1,1,0.843730010383847,1,1,1,1,1,1,1,1,1,1,0.875895026589088,1,1,1,0.849681258707318,1,1,1,1,1,1,1,1.05106293087988,1,1,1,1,1,1,1,1,1,1,1,1,1,1,1,1,1,1,1,1,1,1,1,1,1,1,1,1,1.0698624362441,1,1,1,1,1,1,1,1,1,1,1,1,1,1,1,1,1,1,1,1,1,1,1,1,1,1,0.875464368658978,1,1,1,1,1,1,1,0.848348929706924,1,1,1,1,1,1
"48","211219_Ku_C3H_92_e2_het",1,1,1,1,1,1,1,1,1,1,1,1,1,1,1,1,1,1.06122667612042,1,1,1,0.926467335844865,1,1,1,1,1,1,1,1.10421040662501,1,1,1,1,1,1,1,1,1,1,1,1,0.937168321492299,1,1,1.04184686619685,1,1,1,1,1,1,1,1,1,0.906432637140854,1,1,1.04184686619685,1,1,1,1,1,1,1,1,1,1,1,1,1,1.10761066855429,1,1,1,1,1,0.974671077866337,1,1,1,1,1,1,1,1,1,1,1,1,1,1,1,1,1,1,1,1,1,1,1,1,1,1,1,1,1,1,1,1,1,1,1,1,1,1,1,1,1,1,1,0.998893284511338,1,1,1,1,1,1,1,1,1,1,1,1.05780775813033,1,1,1,1,1,1,1,1,1,0.948161112369746,1,1,1,1,1,1,1,1,1,1,1,1,1,1,1,1,1,1,1,1,1,1,1,1,1,1,1,1,1,1,1,1,1,1,1,1.06657653414045,1,1,1,1,1,1,1,1,1,0.995337673003046,1,1,1.10846400863013,1,1,1,1,1,1,1,1,1,1,1
"49","211219_Ku_C3H_92_e3_het",1,1,1,1,1,1,1,1,1,1,1,1,1,1,1,1,1,1,1,1,1,0.80479313850391,1,1,1,1,1,1,1,1,1,1,1,1,1,1,1,1,1,1,1,1,1,1,1,1,1,1,1,1,1,1,1,1,1,1,1,1,1,1,1,1,1,1,1,1,1,1,1,1,1,1,1,1,1,1,1,1,1,1,1,1,1,1,1,1,1,1,1,1,1,1,1,1,1,1,1,1,1,1,1,1,1,1,1,1,1,1,1,1,1,1,1,1,1,1,1,1,1,1,1,1,1,1,1,1,1,1,1,1,1,1,1,1,1,1,1,1,1,1,1,1,1,1,1,1,1,1,1,1,1,1,1,1,1,1,1,1,1,1,1,1,1,1,1,1,1,1,1,1,1,1,1,1,0.766772457973031,1,1,1,1,1,1,1,1,1,1,1,1,1,1,1,1,1,1,1,1,1,1,1,1,1,1,1,1,1,1
"50","211219_Ku_C3H_99_e5_het",1,1,1,1,1,1,1,1,1,1,1,1,1,1,1,1.09171772868456,1,1,1.03505968024425,1,1,1,1,1,1,1,1,1,1,1,1,1.07223961652774,1,1,1,1,1,1,1,1,1,1,1,1,1,1,1,1,1,1.05474982283343,1,1,1,1,1,1,1,1,1,1,1,1,1,1,1,1,1,1,1,1,1,1,1,1,1,1,1,1,1,1,1,1,1,1,1,1,1,1,1,1,1,0.951033844173696,1,1,1,1,1,1,1,1,1,1,1,1,1,1,1,1,1,1,1,1,1,1,1,1,1,1,1,1,1,1,1,1,1,1,1,1,1,1,1,1,1,1,1,1,1,1.03505968024425,1,1,1,1,1,1,1,1,1,1,1,1,1,1,1,1,1,1,1,1,1,1,1,1,1,1,1,1,1,1,1.09515640181494,1,1,1,1,1,1,1,1,1,1,1,1,1,1,1,1,1,1.06612872908261,1,1,1,1,1,1,1,1,1,1,1,1,1,1,1,1,1,1
"51","220311_C3H_Ku_79_e2_het",1,1,1,1,1,1,1,1,1,1,1,1,1,1,1,1,1,1,1,1,1,1,1,1.82750552647939,1,1,1,1,1,1,1,1,1,1,1.02248465166509,1,1,1,1.29060768882976,1,1,1,1,1,1,1,1,1,0.933287180508544,1,1,1,1,1,1,1,1,1,1,1,1,1,1,1,1,1,1,1,1,1,1,1,1,1,1.01759693576157,1,1,1,1,1,1,1,1,1,1,1,1,1,1,1,1,1,1.59264976714278,1,1,1,1,1,1,1,1,1,1,1,1,1,1,0.918454165435155,1,1,1,1,1,1,1,1,1,1,1,1,1,1,1,1,1.89778927118547,1,1,1,1,1,1,1,1.60284764069142,1,1,1,1,1,0.716822154476896,1,1,1,1,1,1,1,1,1,1,1.0503883598816,1,1,1,1,1,1,1,1,1,2.48647717107809,1,1,1,1,1,1,1,0.879452289816557,1,1,1,1,1,1,1,1,1,1,1,1,1,1.04362106685082,1,1,1,1,1,1,1,1,1,1,1,1,1,1,1,1,1,1,1,1,1,1,1
"52","220311_C3H_Ku_79_e4_het",1,1,1,1,1,1,0.950076063897666,1,1,1,1,1,1.12554063894457,1.09558335078666,1,1,1,1,1,1,1.10256546997379,1,1,1,1,1,1,1,1,1,1.11021736298671,1,1,1,1,1,1,1.08861104084377,1,1,1,1,1,1,1,1,1,1,1,0.919144590138776,1,1,1,1,1,1,1,1,1,1,1,1,1,1,1,1,1,1,1,1,1,1,1,1,1,1,1,1,1,1,1,1,1,1,1,1,1,1,1,1,1,1,1,1,1,1,1,1,1,1,1,1,1,1,1,1,1,1,1,1,1,1,1,1,1,1,1,1,1,1,1,1,1,1,1,1,1,0.924601756506467,1,1,1,1,1,1,1,1,1,1,1,1,1,1,1,1,1,1,1,1,1,1,1,1,1,1,1,1,1,1,1,1,1,1,1,1,1,1,1,1,1,1,1,1,1,1,1,1,1,1,1,1,1,1,1,1,1,1,1,1,1,1,1,1,1,1,1,1,1,1,1,1,1,1,1,1,1
"53","220311_C3H_Ku_79_e5_het",1,1,1,1,0.944839215657557,1,1,1,1,1,1,1,1,1,1,1,1,1,1,1,1,1,1,1,1,1,1,1,1,1,1,1,1,1,1,1,1,1,1,1,1,1,1,1,1,1,1,1,1,0.913643017368443,1,1,1,1,1,1,1,1,1,1,1,1,1,1,1,1,1,1,1,1,1,1,1,1,1,1,1,1,1,1,1,1,1,1,1,1,1,1.19566116906922,1,1,1,1,1,1,1,1,1,1,1.10095103518234,1,1,1,1.10495496986006,1,1,1,1,1,1,1,1,1,1,1.10300024147282,1,1,1,1,1,1,1,1,1,1,1,1,1,1,1,1,1,1.20420621876974,1,1,1.02647390923579,1,1,1,1,1,1,1,1,1,1,1,1,1,1,1,1,1,1,1,1,1,1,1,1,1,1,1,1,1,1,1,1,1,1,1,1,1,1,1,1,1,1,1,1,1,1.11783055524551,1,1,1,1,1,1,0.919448780268068,1,1,1,1,1,1,1,1,1,1,1,1,1,1,1,1,1
"54","220313_C3H_Ku_69_e7_het",1,1,1,1,1,1,1,1,1,1,1,1,1,1,1,1,1,1,1,1,1,1,1,1,1,1,1,1,1,1,1,1,1,1,1,1,1,1,1,1,1,1,1,1,1,1,1,1,1,1,1,1,1,1,1,1,1,1,1,1,1,1,1,1,1,1,1,1,1,1,1,0.70827328169048,1,1,1,1,1,1,1,1,1,1,1,1,1,1,1,1,1,1,1,1,1,1,1,1,1,1,1,1,1,1,1,1,1,1,1,1,1,1,1,1,1,1,1,1,1,1,1,1,1,1,1,1,1,1,1,1,1,1,1,1,1,1,1,1,1,1,1,1,1,1,1,1,1,1,1,1,1,1,1,1,1,1,1,1,1,1,1,1,1,1,1,1,1,1,1,1,1,1,1,1,1,1,1,1,1,1,1,1,1,1,1,1,1,1,1,1,1,1,1,1,1,1,1,1,1,1,1,1,1,1,1,1,1
"55","220313_C3H_Ku_82_e1_het",1,1,1,1,1,1,1,1,1,1,1,1,1,1,1,1,1,1,1,1,1,1,1,1,1,1,1,1,1,1,1,1,1,1,1,1,1,1,1,1,1,1,1,1,1,1,1,1,1,1,1,1,1,1,1,1,1,1,1,1,1,1,1,1,1,1,1,1,1,1,1,1,1,1,1,1.22469601340482,1,1,1,1,1,1,1.07397856646119,1,1,1,1,1,1,1,1,1,1,1,1,1,1,1,1,1,1,1,1,1,1,1,1,1,1,1,1,1,1,1,1,1,1,1,1,1,1,1,1,1,1,1,1,1,1,1,1,1,1,1,1,1,1,1,1,1,1,1,1,1,1,1,1,1,1,1,1,1,1,1,1,1,1,1,1,1,1,1,1,1,1,1,1,1,1,1,1,1,1,1,1,1,1,1,1,1,1,1,1,1,1,1,1,1,1,1,1,1,1,1,1,1,1,1,1,1,1,1,1,1,1
"56","220313_C3H_Ku_82_e2_het",1,1,1,1,1,1,0.954760459896599,1,1,1,0.892264926430962,1,1,1,1,1,1,1,1,1,1,0.770061139338049,1,1,1,1,1,1,1,1,1,1,1,1,1,1,1.00081687025335,1,1,1,1,1,1,0.945257953225989,1,1,1,1,1,1,1,1,1,1,1,1,1,1,1,1,1,1,1,1,1,1,1,1,1,1,1,0.534372796153087,1,1,1,1,1,1.05557603135165,0.798932279608618,1,1,1,1,1,1,1,1,1,1,1,0.915174957646687,1,1,1,0.795857381725745,1,1,1.07779297407418,1,1,1,1,1,1,1,1,1,1,1,0.999181271322233,1,1,1,1,0.940344472754028,1,1,1,1.12887910882315,1,1,1,1,1,1,1,1,0.918089290886237,1,1,1,1,1,1,1,1,1,1,1,1,1,1,1,1,1,1,0.941885609313546,1,1,1,1,1,1,1,1,1,1,1,0.983951480334448,1,1,1,1,1,1,1.09410400260767,1.01549231128162,1,1,1,1,1,1,1,1,1,1,1,1,1,1,1,0.97286671196886,0.940618982020063,1,1,1,1,1,1,1,0.975401725572054,1,1,1,0.78884537829457,1,1,1,1,1,1,1.07516224631388,1,0.977124398076107
"57","220313_C3H_Ku_82_e3_het",1.00759587966204,1,0.958668983166982,1.1349338135704,1,1.07952441732071,1,0.984485011465357,1.01317716740559,0.954877562168692,1,0.648363999392524,1,0.972946625215478,0.930502770764147,1,1.06786997103409,1,1.04608331647853,1.03705258141847,0.978240057462599,1.12489082637229,1.02596173060514,1,0.990175275095395,1,1.08854871938397,1,1.08878325216634,1,1,1.09136904839049,1.25921851492027,0.975264079750611,1,1,1,0.967660629760615,1,1.16887414908182,0.959931759343274,1,1.06232967229511,0.9099747495331,1.07741021904103,1,1.0366802461954,1.01254675030333,1,1.02406266155267,0.967748067264909,1.00943564104478,1.11310819933295,1.01254675030333,0.708235799709654,1,1,1,1,0.958668983166982,1.12609435924842,0.844786080633578,1.02607315827029,0.987612930610058,1.05367790510093,0.982686500971923,1,1.04741133840323,1,1,0.676550746546021,1,1,1,1,1,1.02152847041745,1.07493886449018,1,0.875574468227963,2.11755360263602,1,1,1,1.03107579711562,1,0.985161085026794,0.766679673291237,1,0.958323810888199,0.87430209229486,0.944107508383525,0.886244973977127,1.08819236443155,1,0.9768478201089,1.17576066893623,1.11945799485184,1,0.960231107997459,1.16602722186037,1.03681427516482,0.932635394654954,1,1.0884038641317,1.05847826930233,1.04277588298162,1,1,1,1,1,0.745043674133605,0.960737282057449,1,0.931099126450917,1.01027204004039,1.05815140867121,1.19142482327273,1.00956645769666,1,2.11755360263602,1,1,1,1,1,0.799223838801621,1.02964402578719,0.995212748872046,1.08170081984715,0.764028407765217,0.882253872970632,1.12531319951774,1,1.08797671371505,1,1.04608331647853,1,1.17576066893623,1.04437428650786,0.851637471381606,1.00424543471391,1.0341545693915,1,1.06967345067987,0.90321234191656,1,1.13662716047666,1,1.06295494828596,0.843893461110257,1.1070686399695,0.312146765648523,1.02607315827029,1.08856586852663,1.0511833562363,1,0.972091133195636,1,1,1.08571765987784,1,0.941233555407967,0.987590296150859,1.11318447669786,1.02280093379005,1,1,1.08047677531933,1.05565588922331,1,1,0.958668983166982,1,1,1,0.980089623492032,1.571688740342,1,1,1,0.959745663156825,0.905614828440883,1.08008360169248,1,1.0754827364633,1.03362876609027,1.24975337771891,1,1,0.976525211683804,1.02596173060514,1,1.06191756946873,1.15633675256105,0.931866752617204,1.04177817308538,1,1,1.08532237983385,0.871140509677261,1.05855275839571,1.08838546573927,0.966209334922345
"58","220313_C3H_Ku_82_e4_het",1,1,1,1,1,1,1,1,1,1,1,1,1,1,1,1,1,1,1,1,1,1,1,1,1,1,1,1,1,1,1,1,1,1,1,1,1,1,1,1,1,1,1,0.965413320754862,1,1,1,1,1,1,1,1,1,1,1,1,1,1,1,1,1,1,1,1,1,1,1,1,1,1,1,1,1,1,1,1,1,1,0.847361454702544,1,1,0.980179013516169,1,1,1,0.89991548989988,1,1,0.879339486877532,1,1,1,1,1,1,1,1,1,1,1,1,1,1,1,1,1,1,1,1,1,1,0.896981519511027,1,1,1,1,1,1,1,1,1,1,0.91942110872256,1,1,1,0.91360475918845,1,1,1,1,1,1,1,1,1,1,1,1,1,1,1,1,1,0.923183298932006,1,1,1,1,1,1,1,1,1,1,1,1,1,1,1,1,1,1,1,1,1,1,1,1,1,1,1,1,1,1,1,1,1,1,1,1,1,1,1,1,1,1,1,0.859101782423503,1,0.890725997185432,1,1,1,1,1,1,1,0.894859554256868,1,1,1,1,1,1
"59","220313_C3H_Ku_82_e5_het",1,1,1,1,1,1,1,1,1,1,1,1,1,1,1,1,1,1,1,1,1,1,1,1,1,1,1,1,1,1,1,1,1,1,1,1.05127691393096,1,1,1,1,1,1,1,1,1,1,1,1,1,1,1,1,1,1,1,1,1,1,1,1,1,1,1,1,1,1,1,1,1.10488452146709,0.931799494811441,1,1,1,1,1,1,1,1,1,1,1,1,0.854897351580693,1.05855802055295,1,1,1,1,1,1,1,1,1,1,1,1,1,1,1,1,1,1,1,1,1,1,1,1,1,1,1,1,1,1,1,1,1,1,1,1,1,1,1,1,1,1.03367280653724,1,1,1,1,1,1,1,1,1,1,1,1,1,1,1,1,1,1,1,1,1,1,1,1,1,1,1,1,1,1,1,1,1,1,1,1,1,1,1,1,1,1,1,1,1,1,1.31719530551068,1,1,0.928594255301078,1,1,1,1,1,1,1,1,1,1,1,1,1,0.950073947750611,1,0.979629584680322,1,1,1,1,1,1,1,1,1,1,1,1,1
"60","220314_C3H_Ku_68_e1_het",1,1,1,1,1,1,1,1,1,1,1,1,1,1,1,1,1,1,1,1,1,1,1,1,1,1,1,1,1,1,1,1,1,1,1,1,1,1,1,1,1,1,1,1,1,1,1,1,1,1,1,1,1,1,1,1,1,1,1,1,1,1,1,1,1,1,1,1,1,1,1,1,1,1,1,1,1,1,1,1,1,1,1.09144833149179,1,1,1,1,1,1,1,1,1,1,1,1,1,1,1,1,1,1,1,1,1,1,1,1,1,1,1,1,1,1,1,1,1,1,1,1,1,1,1,1,1,1,1,1,1,1,1,1,1,1,1,1,1,1,1,1,1,1,1,1,1,1,1,1,1,1,1,1,1,1,1,1,1,1,1,1,1,1,1,1,1,1,1,1,1,1,1,1.05631049492015,1,1,1,1,1,1,1,1,1,1,1,1,1,1,1,1,1,1,1,1,1,1,1,1,1,1,1,1,1,1,1,1,1,1
"61","220314_C3H_Ku_86_e4_het",1,1,1,1.13085880238118,1,1,1,1,1,0.955975690166376,0.806432887591671,0.630739438108703,1,1,0.960555570647712,1,1,1,1,1,1,1,1,1,1,1,1,1,1,1,1,1,1.06186503332781,1,1,1,0.999149762686001,1,1,1,1,1,1.0560261165683,0.863384969536001,1.07581352115256,1,1,1,1,1,1,1,1,1,0.792818468870262,1,1,1,1,1,1,0.907448848071211,1,1,1.03736008989275,1,1.05535104515024,1,1,1,0.679111253205552,1,1,1,1.0488882060822,1,1,1,1,0.820939006893733,1,1,1.14290252987045,1,1,1,1,0.878067368372045,1,1,1,1,1,1,0.918935068694956,1,1,1,1,1,1,1,1,0.864730187774339,1,1,1,1,1,1.0008521716503,0.990611302314003,1,1,1,0.950236860230414,1,1,1,1,1,1,1,1,1,1,1,1,0.720362692485443,1.04706078430461,1,1,0.877356452648621,1,1,1,1,1,1,1,1,1,1,1,1,1,1,0.835324845549443,1.00975634916907,1.14441911760016,0.81885870185875,1,1,1.10481336589405,1,1,1,1.02785471748202,1,1,1,1,1,1,1,1,1,1,1,1,1.07851824195126,1,1,1,1,1,1,1,1,1,1,1,1,1,0.834191986369886,1,1,1,1,1,1,1,1,1,1,1,1,0.933301898767776,1,1,1,1,1,1,1,1
"62","220319_C3H_Ku_67_e1_het",1,1,1,1,1,1,1,1,1,1,1,1,1,1,1,1,1,1,1,1,1,1,1,1,1,1,1,1,1,1,1,1,1,1,1,1,1,1,1,1,1,1,1,1,1,1,1,1,1,1,1,1,1,1,1,1,1,1,1,1,1,1,1,1,1,1,1,1,1,1,1,1,1,1,1,1,1,1,1,1,1,1,1,1,1,1,1,1,1,1,1,1,1,1,1,1,1,1,1,1,1,1,1,1,1,1,1,1,1,1,1,1,1,1,1,1,1,1,1,1,1,1,1,1,1,1,1,1,1,1,1,1,1,1,1,1,1,1,1,1,1,1,1,1,1,1,1,1,0.859190310919287,1,1,1,1,1,1,1,1,1,1,1,1,1,1,1,1,1,1,1.1365629538946,1,1,1,1,1,1,1,1,1,1,1,1,1,1.16897545496929,1,1,1,1,1,1,1,1,1,1,1,1,1,1,1,1,1,1,1,1,1,1,1
"63","220319_C3H_Ku_67_e2_het",1,1,1,1,1,1,1,1,1,1,0.694015818834155,0.572525545792417,1,1,1,1,0.955294807671225,1,1.04579562269837,1,1,1,1,1,1,1.62239596895914,1,1,1,1,1,1.09511198544941,1,1,1,1,1,1,1,1,1,1,1,0.813162206238282,1,1,1,1,1.01521229224967,1,1,1.0207803729811,1,1,1.33659275118902,1.09141428248746,1,1,1,1,1.06262416851839,1,1,0.988904808438199,1,1,1,1.05168399531221,1.11564576613328,1,0.604771778180074,0.701556793499648,1,1,1,1,1,1.04615077807361,1,0.811751580301419,1,1,1.14055644269014,1,1,1,1,0.866326987363359,1,0.954567999233317,1,0.936320570738406,0.898548782186452,1,0.837165530608481,1,1,1,1,1,1,1,1,1,1,1,1,1.01737669758867,1,1,1,1,0.570586345755422,1,0.929408312017961,1,1,1,1,1,1,1,1,1,1,1,1,0.695020031750999,1.07438159433536,1,1,1,0.894991302283165,1,1,1,1,1.04579562269837,1,1,1,1,1,1.03719893214062,1,1,0.782823951130411,1,1,1,1,0.896067862980087,1,1,1,1,1.03680347357229,1,1,1,1,1,1,1,1,1,1.0138215162366,1,1,1,1.08193849964037,1,1,1,1,1,1,1,1,1,1,1,0.977964154472261,0.781762531307521,1,1,1.08599898551793,1,1,1,1,1,1,1,1.06166644911145,0.821555349440666,1,1.04181003278556,1,1,1,1,1,1,1
"64","220319_C3H_Ku_67_e6_het",1,0.861465143773909,1,1,1,1.06402901857586,1,1,1,1,1,1,1,1,1,1,1,1,1.02180448761248,1,1,1,1,1,1,1,1,1,1,1,1,1.04577978227562,1,1,1,1,1,1,1,1,1,1,1,0.942450808778105,1,1,1,1,1,1,1,1,1,1,1,1,1,1,1,1,1,1,1,1,1,1,1,1,1,1,1,1,1,1,1,1,1,1,0.837514227573039,1,1,1,1,1,1,1,1,1,0.842451256724256,1,1,0.969944644933648,1,1,1,1,1,1,1,1,1,1,1,1,1,1,1,1,1,1,1,1,1,1,1,1,1,1.04708789928735,1,1,1,1,0.863823516323492,1,1,1,1,1,1.0199774087546,1,1,1,1,1,1,1,1,1.02180448761248,1,1,1,1,1,1,0.856570784579966,1,0.961741238181081,1,1,1,1,1,1,1,1,1,1,1,1,1,1,1,0.768684465659818,1,1,1,1,1,1,1,1,1,1,1,0.746060285593089,1,1,1,1,1,0.897720553862209,1,1,0.960571554457789,1,1,1.04058971751253,1,1,1,0.85380774985454,0.986517791545156,1,1,1,1,1,1,1,1,1,1,1,1,1
"65","220319_C3H_Ku_67_e8_het",1,1,1,1,1,1,1,1,1,1,1,1,1,1,1,1,1,1,1,1,1,1,1,1,1,1,1,1.01809982938225,1,1,1,1,1,1,1,1,1.00186378410418,1,1,1,1,1,1,1,1,1,1,1,1,1,1,1,1,1,1,1,1,1,1,1,1,1,1,1,1,1,1,1,1,1,1,0.700432226024871,1,1,1,1,1,1,1,1,1,1,1,1,1,1,1,1,1,1,1,1,1,1,1,1,1,1,1,1,1,1,1,1,1,1,1,1,0.981337040473237,0.998131975685249,1.0129004351572,1,1,1,1,1,1,1,1,1,1,1,1,1,1,1,1,1,1,1,1,1,1,1,1,1,1,1,1,1,1,1,1,1,1,1,1,0.986594397430189,1,1,1,1,1,1,1,1,1,1,1,1,1,1,1,1,1,1,1,1,1,1,1,1,1,1,1,1,1,1,1,1,1,1,1,1,1,1,1,1,1,1,1,1,1,1,1,1,1,1,1,1,1,1,1,1,1
"66","220319_C3H_Ku_70_e5_het",1,1,1,1,1,1,1,1,1,1,1,1,1,1,1,1,1,1,1,1,1,1,1,1,1,1,1,1,1,1,1,1,1,1,1,1,1,1,1,1,1,1,1,1,1,1,1,1,1,1,1,1,1,1,0.910451163705317,1,1,1,1,1,1,1,1,1,1,1,1,1,1,1,1,1,1,1,1,1,1,1,1,1,1,1,1,1,1,1,1,1,1,1,1,1,1.52246353348139,1,1,1,1,1,1,1,1,1,1,1,1,1,1,1,1,1,1,1,1,1,1,1,1,1,1,1,1,1,1,1,1,1,1,1,1,1,1,1,1.52779082458626,0.835735965991801,1,1,1,1,1,1,1,1,1,1,1,1,1.03819723230665,1,1,1,1,1,1,1,1,1,1,1,1,1,1,1,1,1,1,1,1,1,1,1,1,1,1.42045692382604,1,1,1,1,1,1,1,1,1,1,1.03682430258248,1,1,1,1,1,1,1,1,1,1,1,1,1,1,1,1,1,1,1,1,1
"67","220319_C3H_Ku_70_e8_het",0.997083882532356,1,1.0158672998395,1,0.941984936560025,1,1,1.03983057951089,1,1,1,1,1,1,1,1,1,1,1,1,1,1,1,1,1.02509142692809,1,1,1,1,1,1,1,1,1,1,1,1,1,1,1,1.01690835974729,0.802160544618104,1.04860715838026,1,1,1,0.985996507479748,0.995183204664948,1,1,1,1,1,0.995183204664948,1,1.1695147077939,1.01892580021638,1.1037321655842,1,1.0158672998395,0.929774858100281,1,1,1.02990951615783,1,1,1,1,1,1,1,1,1,1,1,1,1,0.947281072679572,1,1,0.643199256864094,0.982207461772473,1,1,0.937994324182879,1,1,1,1,1,1,1,1,1,1,1,1,0.935785517054155,1,1.01671499613719,1,0.986030957167038,1,1,1,1,1,1,1,1,1,1,1,1,1,1,0.995148514284258,1,0.909402041673852,0.978040381695224,0.982228567360802,0.643199256864094,1,0.801346351088379,1,1,1,1,1,1,1,1,1,1.07736174694578,1.0389736281116,1,1,1,1,1,1,0.884212512674883,0.998370144489144,1,1,1,1,1,1,1,1.04702536442254,1,1,1,1,1,1,1,1.02053216834004,1,0.831033248889397,1,1,1,1.02584152531287,0.941467540495159,0.981003778102742,1,1,1,1,0.980922848481071,1,1.0158672998395,1,1,1.04276260739762,1,0.781588241695046,1,1,1,1.03422871365899,1,1,1,1,0.922128408486139,1,1,1,1.02488245674639,1,1,1,1.04718344446991,1,1,1,1.0449876126467,1,0.899933205770742,0.951354335560448,1,1.02718954298106
"68","220319_C3H_Ku_74_e1_het",1,0.85016321538431,1,1,1,1,1,1,1.01494752090151,1,1,1,1,1,1,1,1,1,1,1,1,0.84104942463003,1,1,1,1,1,1,1,1,1,1,1,0.974350187984065,1,1,1.00056968611844,1,1.30871971457364,1,1,1,1,1,1,1,1,1,1,1,1,1,1,1,1,1,1,1,1,1,1,1,1,1,1,0.980154213299329,1,1,1,1,1,1.30851601969175,1,1.29131885959366,1,1,1,1,1,1,1,1,1,1,1,1,1,1,1,1,1,1,1,1,1,0.969678338585498,1,1,1,1,1,1,1,1,1,1,1.04621706811421,1,1,0.999429017814543,1,1,1,1,1,1,1,1,1,1,1,1,1,1,1,1,1,1,1,1,1,1,1,1,1,1,1,1,1,1,1,1,1,1,1,1.05782152084523,1,1,1,1,1,1,1,1,1,1,1,1,1,1,1,1,1,1,1,1,1,1,1,1,1,1,1,1,1,1,1,0.97993498416332,1,1,0.895531622142239,1,1,1,1,1,1,1,1,1,1,1,1,1,1,1,1,1,1,1,1,1,1,1,1
"69","220319_C3H_Ku_74_e4_het",1,1,1,1,1,1,1,1,1,1,1,1,1,1,1,1,0.960195216932084,1,1,1,1,1,1,1,1,1,1,1,1,1,1,1,1,1,1,1,1,1,1,1,1,1,1,1,1,1,1,1,1,1,1,1,1,1,1,1,1,1,1,1,1,1,1,1,1,1,1,1,1,1,1,1,1,1,1,1,1,1,0.972024878187463,1,1,1,1,1,1,1,1,1,1,1,1,1,1,1,1,1,1,1,1,1,1,1,1,1,1,1,1,1,1,1,1,1,1,1,1,1,1,1,1,1,1,1,0.991760642383231,1,1,1,1,1,1,1,1,1,1,1,1,1,1,1,1,1,1,1,1,1,0.976697859614586,1,1,1,0.904367004136085,1,1,1,1,1,1,1,1,1,1,1,1,1,0.819843393194285,1,1,1,1,1,1,1,1,1,1,1,0.771160113037479,1,1,1,1,1,1,1,1,1,1,1,1,1,1,1,0.982335096465822,1,1,1,1,1,1,1,0.990023640610979,1,1,1,1,1,1
"70","210821_b6ku_3_e2_wt",1,1,1,1,1.03897603866148,0.917086855715111,0.930578468124366,1,1,1,0.780276709596915,1,1,1,1,1,0.943238830996205,1.09170277322333,0.968846011268072,0.77822306785914,1,1,1,1,1,0.680936218798172,1,1,1,1.25179902911983,1,0.935190026993882,1,1.01045557412087,1,1,1,1,1.35229624744523,1,1,1.1749792327008,1,0.917066044486004,1,1.05097305825036,1,1,1,1,1,0.983337059701457,1,1,1,1,1,1,1.05097305825036,1,1,1,1,1,1,1,1,0.956735071275589,1,1,1,1,1.14059423283069,1.2817465451185,1,1,1,1,1,1,1,1.02075172619943,1.11563992673112,1,1,0.959007651641265,1,1,1,1.03803135309305,0.901103183346232,1.03931050125514,1.04871928500131,1,0.916172958335125,1,1,1,1,1,1,1,1,1,1,1,1,1,1,1,1,1,1.36589401519945,1,1,1,1,0.938705356472852,1,1,1.02066358185685,1,0.948295079211684,1.19581105715084,1,0.928460670669116,0.938231027126641,1,1.03082333122819,1,0.930931035024707,1,1.04939038869325,0.8462042402728,1,1,1,0.968846011268072,1,1,0.943631789910563,1.13387304275966,1,0.968537865067643,1,1,0.808282420911318,1,1,1.15744337659647,0.930378129815665,1,1,1,1,1,1,1.02781327763478,1,1,1.13866841979464,1,1,1,1,1,1,1,1,1,0.924038357677053,1,1,1,1,1,0.96296778345348,1,1,0.977533791152918,1,1.12866673978676,1,0.817221821285351,0.96681090429245,0.969892536860593,0.946911219724416,1.0576837972339,1,1,1,1,1,1.11268593891905,0.944576773010684,1,1,0.962851964531932,0.943802290900291,0.960675746114205,1,1.14806827329299,1,1,1
"71","210821_b6ku_3_e4_wt",1,1.05354105019701,1,1,1,1,0.95725846287045,1,1,1,0.924825806654412,1,1,1,1,1,1,1.05134561404379,0.979296193684468,1,1,0.915228879286808,1,1.25487286491758,1,1,1,1,1,1,1,0.95770365649471,1,1.01008380824343,1.00803734180165,1,1,1,1,1,1,1,1,1,1,1.02368130278335,1,1,1,1,1.01418429960451,0.992050353845165,1,1,1,1,1,1,1.02368130278335,1,0.957889622060656,1,1,1,1,1,1,0.974418874223522,1,1,1,1,1,1,1,1,1,1,0.9724398219879,1,1,1,1,1,1,0.905911098969376,1,1,0.957204427935904,1.0224866850728,0.936767059443316,1.02539875544781,1.04651504906031,1,0.986910853286979,1,1,1,1,1,1,1,1.05340605376655,1,1,1,1,1,1,1,1,0.968819835048385,1.04342651278918,1,1,1,1,1,1,1,1,1,0.928301162032909,1,1,0.953692084610207,0.956234496268074,1,1.00835825821243,1,0.948273896278385,1,1.04758066053326,0.852888169952408,0.96729762648814,1,1,0.979296193684468,1,1,1,1,1,0.981490303469811,0.941347260758584,1,0.934379366458337,1,1,1,1,1.05567884327168,1,1,1,1,1,1.01266000569963,1,1,1,1,1,1,1,1,1,1,1,1,0.958484197752079,1,1.11506499342321,1,1,1,1,1,1,0.988576087507135,1.03584420895003,1.04829959827978,1,0.937186885023735,1,0.985102194864781,0.9656990141517,1,1,1,0.955389977469939,1,1,1,0.966075164361382,1,1,0.977711304973156,0.930965131995469,1,1,1,1,1,1
"72","210821_b6ku_3_e5_wt",1,1,1,1,1,0.951001320289664,1,1,0.987938540621812,1,0.920375220938774,1,1,1,1,1,1,1,0.968001616944534,1,1,1,1,1,1,1,1,1,1,1,1,0.936649853794148,1,1.0165532844993,1,1,1.00117239685935,1,1,1,1,1,1,1,1,1,1,1,1,1,1,0.98217809492578,1,1,1,1,1,1,1,1,1,1,1,1,1,1,1,0.952680534438275,1,1,1,1,1,1,1,1,1,1,1,0.935259005763754,1,1,1.10446390290233,1,1,1,1,1,1,1.04159542973977,0.922094124992884,1.04234178453023,1.18222615254597,1,0.928841094719391,1,1,1,1,1,1,1,1,1,1,0.955482460412275,0.965861698314214,1,1,0.998824935873799,1.00813347575326,1,1,1,1,1,1,0.963670112863936,1,1,1,1,1,1,1,1,0.901143798088909,1,1,1,0.85658194542987,1,1.18326155660234,1,1,1,1,0.968001616944534,1,1,0.960197192403495,1.0940926088686,1,0.965557083245229,0.889662349207992,0.946612760491942,0.952092953051344,0.991548025928524,1,1,0.953153670101171,1,1,1,1,1,1,1,1,1,1,1,1,1,1,1,1,1,1,1,0.941165885203343,1,1.15588787155908,1,1,1,1,1.01717244390232,1,1,1,1,1,0.952035380744065,0.941262735145626,1,0.942817475645709,1,1,1,1,1,1,1,0.942713208910851,1,1,0.960138373383015,0.881989146659821,1,0.936153831726534,1.09939210859388,1,1,1
"73","210821_b6ku_3_e6_wt",1,1,1,1,1,1,0.955745045726429,1,1,1,0.878526339749467,1,1,1,1,1,1,1,0.968260246773944,0.728305490862877,1,0.816975990913102,1,1,1,1,1,1,1,1,1,0.937048454601984,1,1,1,1.03644266898425,1.00069625222439,1,1.30055872729976,1,1,1.24593303027852,1,1,1,1,1,1,1,1,1,1,1,1,1,1,1,1,1,1,1,1,1,1,1,1,1,0.954403924198197,1,0.954136825321796,1,1,1,1.33341146330068,1,1,1,1,1,1,1,1,1,1.03937883917435,1,0.860229835419016,1,1,0.878656379145571,1.0400805111577,0.945331130702939,1.04105990369106,1.26709380605263,1,0.921580146415773,1,1,1,1.06687368761743,1,1,1,1,1,1,1,1,1,1,0.999302163763799,1.00555292047581,1,1.43458737586062,1,1,1,1,1,1,1,1,1,0.884684957934643,1.2203946404677,1.59474635637661,0.930067232628972,0.876987568981015,1,1,1,0.813349079548728,1,1.27301465302586,0.83167639642606,1,1,1,0.968260246773943,1,1,1,1,1,0.966824578978389,0.857214331996605,1,0.899121594909026,0.994229633024518,1,1,1,1,1,1,1,1,1,1.02812671417523,1,1,1.16849372416178,1,1,1,1,1,1,1,1,1,0.941151243821116,1,1.18052107533345,1,1,0.94925170572588,0.958410854355553,1,1,0.978765014083594,1,1,1,0.908854446962143,1,0.97124917980043,0.944548654034103,1,1,0.966572816740327,0.880620442058028,1,1,1,0.943317378898124,1,1,0.960600472617046,0.847627597972668,0.956458549599012,1,1,1,1,1
"74","210821_b6ku_3_e7_wt",1,1,1,1,1,0.948070508336191,0.960004794561204,1,1,1.05390777157381,0.820538878037101,1,1,1,1,1,1,1,0.959322091871745,0.75432167180146,1,0.879473089161012,1,1,1,1,1,1,1,1,1,0.919761389383535,1,1.01063652904732,1.01214978374054,1.03956304229156,1.0009661648845,1,1.25553544668545,1,1,1.22606816026275,1,1,0.885379539802266,1,1,1,1,1,1,0.98004167735275,1,1,1,1,1,1,1,1,1,1,1,1,1,1,1,0.93678869446512,1,0.949587093558538,1,1,1,1.2995809556924,1,1,1,1,1,1,1,1,1.14003757837654,1.04328531003357,1,0.869276870652653,1,1,0.883471029511811,1.05556490097516,0.934433347871805,1.0537408409389,1.1869099582169,1,0.914762206133098,1,1,1,1,1,1,1,1,1,1,1,1,1,1,0.99903163703765,1.0072782383028,1,1.52403935695738,1,1,1,1,0.962072517542556,1,1,1,1,0.88602034058989,1.22213909402662,1.75560239282193,0.941790640480148,0.893729163648397,1,1.01343854270869,1.01034360515301,0.850264604038833,1,1.19202026674816,1,1,1,1,0.959322091871745,1,1,0.949571510228586,1.11542607472866,1,0.953833477624299,0.904321735348283,1,0.855931952640767,0.992436753574062,1,1,0.942854932131701,1.1085698784104,0.846804923334428,1,1,1,1,1.02904193942217,1,1.80899704246891,1.14127304682005,1,1,1,1,1,1,1,1,0.903854405271044,0.921566627523194,1,1.17444538491408,1,1,0.944906425117786,0.961664364700043,1,1,0.977690059746315,1,1,1,0.864241419056791,1,0.969926655665501,0.927423064948649,1,1,0.963222621504871,0.911866568852956,1,1,1,0.923421648413471,1,1.09748585635584,0.947073064169222,0.884585781516988,0.959165867299506,1,1.12342699575677,1,1,1
"75","210821_b6ku_3_e8_wt",1,1.10076158973534,1,1,1,1,0.974827905334086,1,0.992393661726631,1,0.926063319339524,1,1.02503186641522,1,1,1,1,1.01614265155209,0.982289222957233,1,1,0.907008876145196,1,1.25133263767,1,0.692797968448093,1,1,1,1,1,0.962473505589289,1,1.01143850040582,1,1,1.00285104687606,1,1,1,1,1,1,1,1,1.00845888460515,1,1,0.985311554966409,1,1,0.99452768512041,1,1,1,1,1,1,1.00845888460515,1,1,1,1,1,1,1.00984841170296,1,0.975646451346175,1,1,1,1,1,1,1,1,0.989035705731376,1,0.972519492445809,1,1,1,1.10631433093802,1,1,0.88583428651752,1,1,0.897235931507535,1.0214076027681,1,1.02438643287118,1.19006024471,1,1.02204495685033,1.01399296825712,1,1,1.03998110373918,1,1,1,1,1,1,0.963814633463285,0.978584258532464,0.985034438363452,1,0.997142466836669,1.01748457840988,0.936543731884101,1.07363703432822,1,1,1,1,1,1,1,1,1,0.916603336517788,1,1,0.950878982915196,0.929212668962343,1,1.00593607585787,1.00506966966186,0.861656801557507,1,1.19661709644701,0.902718179584534,1,1,1,0.982289222957233,1,1,0.968837489827435,1.07348932615601,1,0.982386554686998,0.921618781414443,0.966460431519672,0.934720452493099,0.981830743970463,1,1,1,1,1,1,1,1,1,1.00915333773441,1,1,1,1,1,1,1,1,1,1,0.969437450715571,1,0.957628572386174,1,1.10742971592966,1,1,1,1,1.01044318420306,1,0.993193683150982,1.05401921788205,1,1,0.939266204587156,0.955142480578349,0.990749815869085,0.967066154460851,1,1,1,0.924058527179956,1,1,1,0.971932024390664,1,1,0.981741505656228,0.892694049651609,1,0.952592771824126,1.0730899557408,1,1,1
"76","210829_b6ku_22296_e1_wt",1,0.947277107545165,1,0.898022053691286,1,1,0.967360473659926,1,0.998003233853697,1,0.956985815908715,1,1,0.972600379211518,1,1,1,0.998274536931251,0.997907141046964,1,0.96976547380349,1.10704411826022,1,1,1,1.08288704863442,1.25402320825572,1,1.24880994360934,1.04119963584218,1,0.989576747753198,1,1.0046464318111,1,1,1,0.975431301834548,1,1.24006044540797,1,0.87758927309651,1,1,1,1.00484120656264,1,1,1,1.00406331187592,1,0.999599670123882,1,1,1.18479847465314,1,1,1,1.00484120656264,1,1,1,1,1,1,1.00212179367088,1,0.997446926271675,1,1,1,1,1.04440586489173,1,0.978803698066401,1,1.02246447268559,1,1.0972308083495,0.949006382281145,1,1,1,1,1,1.07419739561821,1,1,1.09400638729004,1.00224423918627,1,1.00514929493868,0.890762289066515,1.25381030163038,1.07833981101388,1.00381233612997,1,1,0.995203473451509,1,1,1,1,1,1.25407991501012,0.99021658197952,0.989003821203291,1.02457285440683,1,1,1,1.08621961424319,0.806568136029523,1,1,1,1,1,1,1,1,1,1.10018653920173,0.881170459776646,1,1.00193097127392,1.09637562351561,1,1.00939154108691,0.992391626645829,1.1006149176021,1,0.890419289002254,1.07186669131368,0.98448272839386,1.25342569499969,1,0.997907141046964,1,1,1,1,1,0.998241707014698,1.08247170499907,0.996680680192114,0.97826891113396,1,1.082386861487,0.9080375007031,1,0.97524876589243,1,1,1,1.25403894501107,1,0.997485132900208,1,1,1,1,1,1,1,1,1,1,0.9891913150426,1,0.963152848545613,1,0.938604984827254,1,1,1,1,1.00233148750083,1,1.00263309013663,0.977510370765827,1.00966260071475,1,0.977475869748975,0.998722556648014,1.00327008146267,0.993045883953508,1,1,1,1.10633168582133,1,1,1.04521050988591,1.00003043141284,1.13048053132417,1,1.00095950330321,1.06688345227914,1,0.988492381758814,1,1,1.25379541162569,1
"77","210913_b6ku_22297_e4_wt",1,1.02588247344409,1,0.914946087054151,1,1,0.950841020770181,1,1,1,0.867121481092759,0.780340822785489,1,1,1,1,1,1.00153380397789,0.985113447906964,0.884906518386666,1,1.02454407941508,1,1,1,0.678986764468014,1,1.01511043400046,1,1,1,0.966414188477659,1,1.01158344870145,1.00740488990647,1.03423480911427,1,1,1,1.00130710858304,1,1.06961597236023,1,0.921120414173512,1,1.00748482036407,1,1,1,1,1,0.989699538245973,1,1,1.15124941938479,1,0.97988543740763,0.957904037735468,1.00748482036407,1,1,1,1,1,1,1,1,0.983646880019482,1,0.957308119773103,0.759582567694032,1,1,1,1,1,1,1,1,0.927907582929393,1,1,1,1.0366559161528,1,1.01428084761816,1,1,0.979017977970069,1.0143749521492,0.962621239360565,1.01761864564302,1.05730166736863,1,0.948648011282613,1,1,1,1,1,1,1,1,1,1,1,1,1,0.984419443287182,1,1,1.02038124819684,1.14671028082905,1,0.961195472947224,1,1,1,1,1,1,1,1.00844045550864,1.07599022041777,1,0.938531741023186,1.02599198358343,1,1.04707382868377,1,0.949912593791254,1,1.06022414502364,0.915580519913532,0.982267672175459,1,1,0.985113447906964,1,1,0.944729529796636,1.10185657871203,1,0.988218580382324,0.993427880714675,0.976984140903382,0.835837943950827,1,1,1.07387385725029,0.95141895929665,1,1,1,1,1,1,1.00583647037435,1,1,1.0617997611412,1,0.809050354215254,1,1,1.03967736957049,1,1,1,1,0.953133740478499,1,1.00688177188168,1,1,0.952326264355118,0.983677330083482,1,1,0.997374750349415,1.0231250319429,1.07515788019627,1,0.857944423089497,0.976412111896799,0.995950164031383,0.976206042216934,1,1,0.968904903858095,1.01084877805091,0.985905152826425,1,1,0.977283175154244,1,1,0.984638826728758,1.02414097399202,0.982684580670979,1,1.10632104266598,1,1,1
"78","210913_b6ku_22297_e5_wt",1,1,1,0.89981503216681,1,1,0.962345511433022,1,0.996423212883574,1.0522677978705,0.90015622615807,1,1,1,1,1,1,1.00642323716963,0.974973415412611,1,1,1,1,1,1,0.851769271519628,1,1,1,1,1,0.946053865121198,1,1.0012751828384,1,1,1,1,1,1,1,1,1,0.940476957719336,0.88942225944114,1,1,1,1,0.948520162314601,1,0.987525139208033,1,1,1.17800816423204,1,1,1,1,1,1,1,1,1,1,1,1,0.962364596319824,1,1,1,0.676109640425823,1,1,1,1,1,1,1,0.91611347712167,1,1,1,1,1,1.06552581142029,1,1,1.0364571671781,1.0330828079084,0.97807363458009,1.03500927452551,0.982831792110352,1,0.984137719709596,1,1,1,1.02383449749097,1,1,1,1,1,1,1,1,1,1,1,1,1,1.23367541514737,1,1,1,1,1,1,1,1,1,1.04718168646098,1.05375916506515,1,0.995052735186435,1.04849669389638,1,1.02891622009139,1,1.0069985555252,1,0.984069174045409,0.959915637409513,1,1,1,0.974973415412611,1,1,1,1,1,0.972669664759135,1.04965348636779,0.978125080665044,0.94087708493691,1,1,1.06579167202526,1,1.04666050840341,0.852051734998997,1,1,1,1,1.00133779112428,1,1,1,1,1,1,1,1,1,1,0.96412541843348,0.906779331352038,0.930249241982698,1,0.938369414607819,1,1,1,1,1,1,0.996710589510862,1,1.12665987998329,1,0.942124348081052,0.981593824165797,0.996163542667665,0.95272002076927,1,1,1,1.0484935962207,1,1,1,0.957412869508057,1,1.09414704195402,0.97174309518627,1.05849783905952,1,1,1,1,1,1
"79","210913_b6ku_22297_e6_wt",1,1.0302294068008,1,0.927315814063359,1,1,0.952580464018012,1,0.993060512528143,1,0.931919120031353,0.747659716087321,0.984832833982024,0.980524541639997,0.943252917150309,1,1,1.01146104424976,0.998513077172067,1.52994334405004,0.993880543383696,1.11621677030317,1,1,1,1.10134057014214,1,1,1,1,1,0.989219200746312,1,1.01028604255002,1,1,1,1,1,1,1,1,1,0.92961950450474,1,0.994575929519728,1,1,1,0.971241221504342,1,0.998628387350849,1,1,1.1313432333973,1,1,1,0.994575929519727,1,1,0.866428173564428,1,1,1.05802056746296,1.0058798587502,1,1.00246043663637,1,1,0.741478992962688,1,1,1,0.991673448983695,1,1,1,1.10328817329794,0.94778032237774,1,1,1,1,1,1.13237423281536,1,1,1.09721995363422,0.997837191988064,0.996402139080529,1.00032357552202,0.904329664563804,1,1.05328091041484,1.01216564660074,1,1,1,1,1,1,1,1,1,0.975347555275602,0.974198147601823,1,1,1,1,1.08121019234202,0.737926290403519,1,1,1,1,1,1,1,1,1,1.10958396780125,1,1,0.989840120594084,1.09710203570138,0.920903692961707,1.02984434552046,1,1.08532328120988,1,0.904663606299336,1.10145797664111,1,1,1,0.998513077172067,1,1,0.959603573227937,1.07515934056882,1,1.00187171966987,1.10473511483011,0.977373122205087,0.936778843313937,1,1.04718135295117,0.983781498315464,1,1,1,1,1,1,1.02461422145263,0.998295537675305,1,1,1,1,1,1,1,1,1,1,0.961819740288257,1,0.954605098246049,1,0.887336736774517,1,1,1,1,1.00945513362786,1,0.998284885685458,1.02070782528318,1.03940033512258,1,0.93775670875556,0.980281252173169,0.998498829929596,0.999563011682823,1,1,1,1.09940798796529,1,1,1,1.00103325913045,1,1,1.00255316890866,1.08451995784341,1,0.958455306181882,1.07432621744939,1,1,1
"80","210913_b6ku_22297_e7_wt",1,0.977942889519422,1,1,1,1,0.984969561370665,1,1.00018234711587,1,0.917184355048299,0.768050210956804,0.970652320871477,0.963421928933522,1,1,1,0.884690812612775,1.01189858430376,1,1,1,1,1.14478602022071,1,1.16100745577472,1,1,1,1.01868247042386,1,1.01734507299225,1,0.99851374025156,1,1,1,0.9596635844219,1,1,1,1,1,0.896805065509966,1,0.923597263717351,1,1,1,1,1,1.00384713930517,1,1,1,1,1,1,0.923597263717351,1,1,1,1,1,1,0.999126393604303,1,1.02031263998139,1,1,0.753153164105913,1,1.02181936100325,1,1.00235955726211,1.1710767589337,1,1,1,0.876801859610604,1,1,1,1,1,1,1,1,1,0.982144494255264,1.01252843981785,0.981452632198842,0.758264964201824,1,1.07116565471155,0.999424439932277,1,1,1,1,1,1,1,1,1,1.00155016786814,0.990168029187902,1,1,1,1,1.21796505694643,0.713287147614356,1,1,1,1,1,1,1,1,1,1,1,1,0.949443477032376,1.27146134511926,1,1.03729788001334,1,1.25111167014164,1,0.758309753786629,0.95772200384411,1,1,1,1.01189858430376,1,1,0.945361113089012,1.10931510252923,1,1.0147491058594,1,1.00314970584782,0.862652044163428,1,1.0886020317467,0.88511658879275,0.94640145143088,1,1,1,1,1,1,0.971191359221092,1,1,1,1,1,1,1,1,1,1,0.983590727441149,1,0.984582381642124,1,1,1,1,1,1,0.999871335461032,1,1.02237842431207,0.989083516223257,1.01962645120738,1,0.876611687030146,1.0128042193488,1.03037359814259,1.02504819583692,1,1,1,1,1,1,1.02260660460406,1.02183345199498,1,1,1.01515686349043,1.31798718249092,1,1,1.116060585896,1,1,1
"81","210913_b6ku_22299_e3_wt",1,1.16607460066701,1,1,1,1,1,1,0.985329634816228,1,0.913199085914825,1,1.07333800776294,1.04176723419509,1,1,1,1.13606650685613,0.96671191551286,1,1.05409285413039,0.857972297157488,1,1,1,1,1,1,1,1.08443149430176,1,0.931848232526244,1,1.01200282845839,1,1,1,1,1,1,1,1.1796921686685,1,1,1,1.06577509712229,1,1,0.955788258170231,1,1.02018380897628,0.985898017357839,1,1,1,1.09298851974856,1.01992533906235,1,1.06577509712229,1,0.950701099711424,1,1,1,1,1.01592311936564,1,0.951773801848126,1,1,1,1,1.08777084982935,1,1,1,1,0.944624486084724,0.902267404102269,0.938545292189256,1,1,1,1,1,0.857288886743524,1,1,0.861450373313879,1.04239247871947,1,1.04301240641763,1.25212492922703,1,1,1.03010468240812,1,0.93184175452526,1.0821162995247,1,1,1,1,1,1,0.958711741783954,0.960368697077956,0.963281913748089,1,1,1,0.874952490905835,1.33821880888592,1,1,1,1,1,0.906558285113114,1,1,1,0.879600894463676,1,1,0.947147367701437,0.875064340408455,1,1.01041700272603,1.00848967303629,0.820812898862693,1,1.2564541423779,0.847593589769975,1,1,1,0.96671191551286,1,1,1,1,1,0.964889909528992,0.839758364665645,0.962572241368471,0.932987685698624,1,1,1,1,1,1,1,1,1,1,1.02222740880023,1.02131220087068,1,1,1,1,1,1,0.914013552617266,0.980739132383426,1,1,1,0.924354989127634,1,1.1601558250429,1,1,1,1,1.01954019559634,1,0.976915619477265,1.1023778599988,1,1.03534580243372,0.940752433773688,0.962229948308733,0.97023347362785,0.941911801668235,1,1,1,0.869464944718279,1.02246423915537,1,1.08860890464937,0.939948759642412,1,1,0.960345543642243,0.835981790260039,1,1,1,0.92974487585921,1,1.02779372155914
"82","210913_b6ku_22299_e4_wt",1,1,1,0.95855680880957,1,1,0.992796631871422,1,1,1.0408466982476,0.952882873324076,1,1.00018405819892,0.991040962117565,1,1,1,1,1.00031427616352,1,0.996026208949848,1,1,1,1,1.01823234335981,1.10509981445728,1,1.10334072720062,1.04107212792952,1,0.996217516788259,1,1.01028660360416,1,1,1,0.986062719104948,1,1.08680045848523,1,1,1,0.934909284257445,0.916697698072643,1,1,1,1,0.963817456990878,1.01293002996992,1.00192643612458,1.0957277964724,1,1,1,1,1,1,1,1,1,1,1,1,0.99950402508854,1,1.00419100621321,1,1,0.800709670783062,1,1.04427796433623,1,0.987440934594988,1,1.01369847694895,1,1,1,1,1,1,1,1,1.14166248740038,1,1,1.09956896095677,0.996315962101199,1.00006375175788,0.998615721623624,0.953572860203154,1.10484276761356,1.05456733780698,1,1,1,1.00279778663247,1,1,1,1,1,1.10514928070432,1,1,1,1,1,1,1.10579519087419,0.827101031983047,1,0.96585395971801,1,1,1,1,1,1,1,1.11334129324661,1,1,0.997263153613668,1.11507477582195,1,1.02950346454531,0.998683840821296,1.04501917442731,1,0.956023808629037,1.03873668843104,1,1.10484060742749,1,1.00031427616352,1,1,1,1,1,1.00312333823935,1.10764412186197,0.992475223281285,0.955131297838547,1,0.977575654831949,0.995622112741109,1,1,0.887716658278321,1,1,1.10511317617507,1,0.979264713929817,1,1,1,1.10269717027159,1,1.03627325468859,1,1,1,1.04770236625813,0.964421909564601,0.927149092216646,0.978591122398103,1,0.886072672654634,1,1,1,1,1,1,1.01472302541642,1.01705321911265,1.03909894556364,1,0.95430952846816,0.996958004465047,1.0203197372558,1.00186946612781,1,1,1,1.11210181960053,1,1,1.04508251079157,1.00401007481206,1,1.07145162860637,1.00321279684451,1.11370258978126,1,1,1,1,1.10499485686443,1
"83","210913_b6ku_22300_e1_wt",1,1,1,1,1,1,1,1,1,1,0.92304212842653,1,1,1,1,1,1,1,1,1,1,1,1,1.78391968942513,1,1,1,1.01121386921991,1,1,1,1,1,1,1,1,1,1,1,1,1,1,1,1,1,1,1,1,1,1,1,1,1,1,1,1,1,1,1,1,1,1,1,1,1.02809604421256,1,1,1,1,1,1,1,1,1,1,1.14723341793179,1,1,1,1,1,1,1,1,1,1,1,1,1,1,0.874206814938384,1,1,1,1,1,1,0.966826768673078,1.07804576271271,1,1,1,1,1,1,1,1,1,0.988437239767858,1,1,1,1,1,1,1,1,1,0.940383498891342,1,1,1,1,1,1,1,1,1,1,1,1,1,1,0.716687483280012,1,1,1,1,0.690446636042402,1,1,1,1,1,1,1,0.933427805952123,1,1,1,1,1,1,1,1,1,1,1,1,1,1,1,1,1,1,0.956976392275686,1,1,0.939014144938016,1,0.946893758856998,1,1,1,1,1,1,1,1,1,1,1,1,0.939524239127738,1,1,1,1,1,1,1,1,1,1,1,1,1,1,1,1,1,1,1,1,1
"84","210913_b6ku_22300_e2_wt",1,1.15274592994469,1,1,1,1,1,1,0.989045017809267,1,1,1,1,1,1,1,1,1,1,1,1.03998594491845,1,1,1,1,1,1,1.01736443346327,1,1,1,0.969016168821731,1,1,1,1,1.00090480111215,1,1,1,1,1,1.06937695339074,1,1,1,1,1,1,1,1,1,1,1,1,1,1.01860182074844,1,1,1,1,1,1,1,1.04102342142742,1.01061752090344,1,1,1,1,1,1,1,1,1,1,1,0.966892322292383,0.874513120560593,1,1,1,1,1,1,0.846863504840864,1,1,0.848402600296842,1,0.945980078117648,1,1.16585810025224,1,0.954855952776493,1.01854637899687,1,0.951854158154993,1,1,1,1,1,1,1,0.960601292917965,0.964223142659958,1,0.982095316365353,0.999093140415936,1.00724982210418,0.863751145892574,1,1,1,1,1,1,0.919398250967105,1,1,1,0.880704849834316,1,1,1,0.864034047578421,1,1,1,0.865364650017754,1,1.16657421043888,1,1,1,1,1,1,1,1,1,1,1,0.842380796931261,0.972413633772096,1,0.992466282521001,1,1,1,1,1,1,1,1,1,1,1,1,1,1,1,1,1,0.94280116756534,0.989279706518698,1,0.932899158955505,1,0.947894105138026,1,1.19861810143998,1,1,1,1,1.01438646674543,1,1,1.10448396840537,1,1,1,0.965920177663935,1,1,1,1,1,0.875150732000455,1,1,1,1,1,1,1,0.814303950923011,1,0.943041092307047,1,0.957358670291,1,1
"85","210913_b6ku_22300_e3_wt",1,1,1,0.851519994573784,1,0.944691619491726,1,1,1,1,0.854890011103057,1,1,1,0.960194245498938,1,1,1,1,1,1,1,1,1,1,0.654037310460912,1,1,1,1,1,1,1,1,1,1,1,1,1,1,1,1,1,0.913591023528644,1,1,1,1,1,1,1,1,1,1,1.27376972818065,1,1,1,1,1,1,1,1,1,1.03283194371423,1,1,1,1,1,1,1,1,1,1,1,1,1,0.893548765346725,1,1,1,1,1,1,0.904504323549682,1,1,0.904734057214997,1,0.929354420137992,1,1.06485168236998,1,0.907549579308713,1,1,1,1,1,1,1,1,1,1,1,1,1,1,1,1,0.887086102499978,1,1,0.921594623275103,1,1,0.959387270157849,1,1,1,1,0.896217622492588,1,1,1,0.907127270925135,1,1.02915037169145,1,0.917134171524677,1,1.06483265183668,0.80798498941788,1,1,1,1,1,1,1,1.08217996843011,1,1,0.90955821666536,1,0.898688370242383,1,1,1,0.959520200664582,1,1,1,1,1,1,1,1,1,1,1,0.708707735459976,1,1,1,1,1,0.918199487565972,1,1,1,1.07732685940845,1,1,1,1,1,1,1,1,1.12662578703996,1,0.907614186472107,1,1,1,1,1.12010074534507,1,0.905320026816327,1,1,1,1,1,1,1,0.898491254641752,1,1,1.08524716437211,1,1,1
"86","210913_b6ku_22300_e5_wt",1,1,1,1,1,0.962836290341812,0.964845331141363,1,0.996394610104634,1,0.946832395518646,1,1,0.985296189844605,1,1,1,1.02986468944665,0.992209003613174,0.951289476617136,1,0.988145291409758,1,1,1,1,1.07274004073193,1,1.07218338511231,1,1,0.983108385364937,1,1.01085129386469,1,1,1,1,1,1.0499275810019,1,1.14945248497728,1,0.962929252968331,1,1.02292266301194,1,1,1,1,1,0.99947691393737,1.08828697622225,1,1,1,1,0.970861399502072,1.02292266301194,1,1,1,1,1,1,1.00328946048229,1,0.994042826464759,1,1,1,1,1,1,1,1,1.01038698968428,1,0.987842634188484,1,1,1,1,1,1,0.962667994558427,1.06501312588666,1,0.98638035615626,1.00523655942203,0.967118002104966,1.00832979956985,0.997859903317428,1.0726651022085,1.0254981890091,1.00805870496911,1,1,1.02127052070323,1,1.06786968153044,1,1.02961998584255,1,1.07279453262131,0.992641942553044,1,1.00696884098118,1,1,1,0.975396047191321,1.11685399439744,1,0.959377730320696,1,1,0.973022091841216,1,1,1,1,0.994284760447595,1.13720877302288,1,0.973448895326669,1.00726760623443,1,1.01179278444776,1,0.990151143309968,1,0.999033222747494,0.914879510003589,0.987860768239722,1.07270493804366,1,0.992209003613174,1,1,1,1,1,0.99577354644328,0.973450984244097,0.981226891517655,0.964963927378134,1,1,0.990987634235403,1,1.02506416380921,1,1,1,1.07275948510125,1,1.00439958697151,1,1,1.10526705269544,1.06855692615094,1,1,1,1,1,1,0.953322463203383,1,0.982737796838711,1,1.02458179733997,1,1,1,0.970911471556113,1.00436272524105,1,0.996678373052004,1.01413366761844,1.04112788677597,1,0.966543958722284,0.988580773357144,0.995301973119891,0.988750616629559,1,1,1,0.984196863133734,1,1,1,0.990220094769662,1.00669878955245,1,0.994114127167571,0.954126235346707,0.968913843400902,1,1,1,1.07254255859249,1
"87","210913_b6ku_22999_e6_wt",1,1,1,1,1,1,0.950258063261355,1,0.994689283096193,1.07349259439665,0.902662491428286,1,1,1,1,1,1,1.05231327869283,0.990689619171555,0.914068525608592,1,1,1,1,1,0.751091145998243,1,1,1,1,1,0.976189703128945,1,1.00492816098286,1,1,1,1,1,1,1,1.1336440112654,1,0.90723484569709,0.83454721160668,1.02796782682874,1,1,1,1,1,0.99659381198919,1,1,1,1,1,0.948065751961271,1.02796782682874,1,1,1,1,1,1.0359781475276,1.00450439119629,1,0.991449339111156,1,1,1,1,1,1,1,1,1,1,1,0.869032595041693,1,1,1,1,1,1,1,1,1.0677479397368,1.00751632356808,0.942037715979492,1.01070461275792,0.951336868076074,1,0.994228190611955,1.00956200005979,1,1,1,1,1,1,1,1,1,0.973781795814094,1,1,1,1,1,1,1.03084022645444,1,1,1,1,1,1,1,1,1,1,1.10755879201653,1,0.964847657205651,1.07109539515035,1,1.0372592869882,1,1.03191975325417,1,0.953382957694618,0.911757232013109,1,1,1,0.990689619171555,1,1,0.952872180289694,1.08286524293032,1,0.993891251649271,1,1,0.897057870243786,1,1,1.07666793454621,0.960612954630023,1,0.781708654420919,1,1,1,1,1.00932600564144,1,1,1.0993963450852,1,0.843206946579489,1,1,1,1,1,1,0.868924479900546,0.956000045630947,1,1,1,1,1,0.975068003869062,1.00640576015197,1,0.991051532022693,1.03694051417346,1.11829796918842,1,0.905233126516049,0.989240225599716,0.988244533742033,0.985543434540506,1,1,1,1,1,1,1,0.987514564307105,1,1.13890993902696,0.992613725167882,1.06637581627563,0.973798645842796,0.957177482367512,1.08540910032883,1,1,1
"88","210926_b6ku_22298_e10_wt",1,1,1,1,1,1,0.965702886142826,1,0.993686897256054,1,1,1,1.00226789591518,1,1,1,1,0.993843009443963,0.98123530433668,1,1,1.05888063011319,1,1,1,1,1,1,1,1.07475556549803,1,0.960314344325675,1,1.0125131467182,1,1,1,1,1,1.09014150655442,1,1.07503139357028,0.9684927831357,1,1,0.986480504986182,1,1,0.997795418167194,1,1,0.989876038395324,1,1,1,1,1,1.03057155112734,0.986480504986182,1,1,1,1,1,1,1.00883999740233,1,0.974842981538296,1,1,1,1,1.07806512535249,1,0.981793482167812,1.27511954856865,1.00913342722233,1,1.07618928472256,1,1,1,1,1,1,1.01815068047299,1,1,1.03328199246151,1.02211388022802,1,1.02504976338117,1.0266067338242,1,1.04070518131842,1.01227405907488,1.50011391461091,1,1,1,1,1,1,1,1,0.974142582348406,0.976125515032292,1,1,1,1,1.03126931309716,1.20377564559467,1,1,1,1,1,1,1,1,1,1.04939330039668,1.09038526767147,1,1,1.02328824225869,1,0.998918053145943,1,0.985711534337466,1,1.02903442796584,1,1,1,0.62952238050454,0.98123530433668,1,1.50011391461091,1,1,1,0.981799985246788,0.996194329982028,0.973641237037929,1.02153612324369,1,1,0.975666423774545,1,1.04345825200614,1,1,1,1,1,0.998570943056679,1,1,1.07402277004077,1,1,1.03005654317756,1,1,1,1.07570644998923,0.947356814179448,1,0.955025198035316,1,0.975537353425077,1,1,1,0.980974391255252,1.00959847479628,1,0.999260855946546,1,0.971620087221478,1,1.02016526865995,0.975065106042813,0.999543373653412,0.966170327478986,1,1,1,1.04844396216933,1,1,1.07889570255976,0.969893332450983,1.03977581687384,1,0.979550129280434,0.98197228304498,0.979916227985208,0.960920526455309,1,1,1,1
"89","210926_b6ku_22298_e6_wt",1,1.04175213423323,1,1,1,1,0.97568338604897,1,0.991869451980734,1,1.01008230507204,1,0.996137568664213,0.999674740694394,1,1,1,0.97588612994386,0.978247363339081,1,1.00905287359847,1.06675555691914,1,1,1,1,1,1,1.08102133477421,1.08666946824372,1,0.951503754306371,1,1.0116495841925,1,1,1,1,0.664326588890435,1.04394356468837,1,1,1,1,1,0.981760572211758,1,1,0.991094099770396,0.963466777421475,1,0.99249590599418,1,1,1,1,1,1,0.981760572211758,1,1,1,1,1,1,1.00822665884129,1,0.9683840229503,1,1,1,1,1.0900157152999,0.691064511122177,0.980658849135794,1,1.00079593499422,1,1.06368462919601,1,1,1,1,1,1,1.02744267991171,1,1,1.0141159957041,1.02779152588504,1,1.03028231585009,1.04081916475529,1,1.02430339037032,1.01129222252144,1,1,1.02849819322231,1,1,1,1.02937267355929,1,1,0.968147073711161,0.971721279007297,0.993408617265982,1,1,1,1.02476864724453,0.965509745132154,1,1,1,1,1,1,1,1,1,1.0336595391987,1,1,0.988791165121037,1.03299977468648,1,1,1,0.97134018083197,1,1.04357300116802,1.03542217109422,1,1,1,0.978247363339081,1,1,1,1,1,0.977078855265734,1.0009255168317,0.958059501375028,1.00688945289619,1,0.969881584236428,0.991285023526557,1,1.02963705513454,1,1,1,1,1,1.0001717236283,1,1,1,1,1,1,1,1,1,1,0.965253368947513,1,0.931025732377153,1,0.9879641622906,1,1,1,1,1.01095765159973,1,1.00006145858637,1.04318606724166,1.03933403327217,1,1.00562160468376,0.957502395283184,1.00013400493462,0.959103772247339,1,1,1,1.03010599842957,1,1,1.0908554996389,0.964018098925501,1,1,0.976468779427692,0.990395575184789,1,0.9614992295386,1,1,1,1
"90","210926_b6ku_22298_e9_wt",1,1.07408011666318,1,1,1,1,0.964977114040301,1,0.994175141787587,1,1,1,1,1.0035881723294,1,1,1,1,0.972703779827271,1,1,0.931839767983738,1,1,1,1,1.01777118493104,1,1.01718778966296,1,1,0.942075375507908,1,1.00733929157784,1,1,1,1,1,0.986000179850108,1,1.10798674557102,1,1,1,1,1,1,1,1,1,0.988854923300193,1,1,1,1,1,0.931460288659219,1,1,1,1,1,1,1,1.00432124556227,1,0.959976929261192,1,1,1,1,1,1,1,1.30371977035443,1,1,0.998972465354599,1,1,1,1,1,1,0.968620147952218,1,1,0.973663599824447,1.03518164897095,0.972256040439192,1.03684712733534,1.07771545693462,1.01785404197433,1.00429069676388,1.01018244439919,1,1,1,1,1,1,1,1,1.01781615916116,0.9764922210362,1,1,1,1,1,0.978637887114518,1.25183197238177,1,1,1,1,1,1,1,1,1,0.977895544561834,1.09173323080859,1,1,0.989206158430905,1,1,1.00084314561412,0.932485275612564,1,1.08094996027943,1.03474409730267,1,1.01788732631962,1,0.972703779827271,1,1,1,1,1,0.970918204750487,0.947963757907629,0.980098771503319,1,1,1,1.00201239749713,1,1.06400721926007,1,1,1,1.01778290774985,1,0.995282066951072,1,1,1.09430159925429,1,1,1,1,1,1,1,0.950590576011872,1,0.928359453088824,1,1.05301648511022,1,1,1,0.97766734252853,1.00618528405604,1,1.00312601972787,1.0413218940899,1.03286605541954,1,1,0.973584262084925,1.00443814596587,0.950238002965266,1,1,1,0.974792522314363,1,1,1,0.95274889675328,0.992150868242077,1,0.969207271911845,0.952516490294424,0.9767879611154,1,1,1,1.01765460935292,1
"91","210928_b6ku_22296_e2_wt",1,0.970581727691185,1,0.876492655937954,1,1,0.982950612299177,1,0.997986980280175,1,0.994690311766805,1,1.03565785547703,1.02816134530289,1,1,1,0.97843759445506,0.993291757801347,1,1.03293531789297,1.03358059927137,1,1,1,1.11556626846912,1.16623003134991,1,1.1638240872258,1.08970701217741,0.985491166648311,0.983880185987085,1,1.00621923307592,1,0.958961217403016,1,1.02339407971134,1,1.14384159965165,1,1,1,1,1,0.97784791377295,1,1,0.994527685958493,1,1.01481304269813,1.00114032669421,1.16956381533137,1,1.22551756990546,1,1,1,0.97784791377295,1,1,1,1,1,1,1.00428501431784,1,0.991833268725006,1,1,1,1,1.09306261292646,1,0.97940744099466,1,1.0078047617168,1,1.02981513195613,1,1,1,1,1,1,1.01386296760362,1.23103074701248,1,1.03616168849005,1.00717883629749,1,1.0103555929411,0.96214176138797,1.16629572409525,1.07242520722432,1.00401845748369,1,1,1.04048002637418,1,1,1,1.06346216846286,1,1.16625282784736,0.983737894395273,0.991483223500894,1.00372381236583,1,1,1,1.05152066894913,0.898320291142874,1.05224224377469,1,0.976944753998883,1,1,1,1,1,1,1.03118195064814,0.913366190773525,1.48752597427182,1.00795934735989,1.03412968154534,1,1.00563806876207,0.996062657343631,1.03376362669868,1,0.961021483819562,1.08969773830722,0.978592414387093,1.16664663936978,1,0.993291757801347,1,1,1,1,1,0.994170001511302,1.04476783165651,0.981686172854623,1.00465748054223,1,1.03183000818011,0.964361151016639,1,1.00711182882011,1,1.89386225069242,1,1.16621472710381,1,0.995934185407218,1,1,1,1.17166970597694,1,1,1,1,1,1.03684173033027,1.00837594756201,1,0.976282074949089,1,0.978641837247547,1,1,1.05714861929524,1,1.00325294321694,1,1.00168446188122,1.00221168696069,1.02853194995468,1,1.00374281892266,0.97634149774289,1.00269406333645,0.986014785344368,1,1,1,1.03653667563607,1,1,1.09390474469666,0.992131290012023,1,1,0.995883477477583,0.994506369828065,1,0.978230970704742,1,1,1.16622165869689,1
"92","220408_BL6_Ku_37_e1_wt",1.00353252663343,1,0.980778668930345,1,1.05536953004343,0.960074649402302,0.937121575494019,1,1,1,0.943038323477188,1,1.00440925180159,1.01599952511766,1,1,1,1.07881640235126,0.981557037433552,0.865336682362431,1.01781374763635,0.96106078546697,1,1,1,0.813257391784344,1.00956716044875,1,1.0094941589341,1.10681926071372,1.03085510684399,0.963430410013688,1,1.00070664155827,1,1,1,1.01418785141709,1,1.00568659419452,0.977874882893094,1.2139956835992,0.939628553268756,1,1,1.03117131792074,1.01647140879565,1.00583496995496,1,1,1,0.989049579474605,1.02167772846999,1.00583496995496,1,1,1,0.79497351709648,1.03117131792074,0.980778668930345,1,1,1,1,1,1,1,0.980099101114692,1,1,1,1,1.11022755624528,1,1,1,1.00494504526104,1.04049416000436,0.991713877981672,1,1,1.01976727209547,1,1,1,0.956851873601691,0.971474505943266,1.10070111882262,0.963162266076867,1.01749357122942,0.9222983772388,1.0206573908116,1.06607854248747,1.00974760516868,0.983842869123192,1,1,1.0483344557735,1,0.977704079387252,0.950785448693411,1.01631196350624,1,1,1.00956693331404,1,1,1,1,1,1,0.969313155917264,1.27044773353182,1,0.960676468874316,1,1.00478364350252,0.970700810337444,1,1,1.01966657464646,1,0.952516047154553,1.240832413654,1,1.01148131229221,0.941347888404937,1,1.00507556660307,1,0.929661599290483,1,1.06885371240071,0.981315929996622,1,1.00981829340446,1,0.981557037433553,1,1,1,1,1.00197437451153,0.985634312714281,0.956268094792606,1.00706743143571,0.962122174549056,1,0.984843568696538,1.02111465302841,1,1.06919462703778,1,1,1,1.00953395139973,1,1.01538080208084,0.982370584587776,1,1.14981204361707,1.01778578723613,1,1,1,1.0549823624408,1.01412594950254,1,0.957304671474008,1,0.970863640809831,1,1.06571716219559,0.980778668930345,1,1,0.95517507612345,1,1.26010089539696,0.983840475668748,1,1.05488142208077,0.971991027936243,0.96105427905842,1.00389249371258,0.979396539676614,0.972102220860878,1.07609657934554,1,1,0.968492919622506,0.9798149448577,1,1.11108291245838,0.970506691828456,0.921407676294817,1,0.979539555917625,0.935845947749101,0.951505947569596,1,1,1.04943286002875,1.00976679861721,0.980572781694412
"93","220408_BL6_Ku_37_e2_wt",1.00449494717108,1,0.975541906210016,0.934509710359664,1.04681407011648,1,0.922172809676538,1,1,1,0.916771040783603,1,1.03831024770556,1.00801819698993,1,1,1,1.15697901292896,0.965311301099438,0.778357935806362,1,0.975225313318906,0.957134469150426,1,1,0.823022761192763,0.924755577066544,1,0.924617975070377,1.10049161479391,1.02788033794122,0.931250431447863,1,1.00856470319255,1.01220493596537,1,1,1.01835502291796,1,0.914004073195654,0.973102151275857,1.24908648850631,0.924407099206018,1,1,1.08527496518545,1.02028119381849,1.00742468052306,1,1,1,0.981716307648947,0.946203253746517,1.00742468052306,1,1,1,0.771311929379645,1.08527496518546,0.975541906210016,1,1,0.957254929887386,1,1,1,1,0.951239416649209,1,1,1,1,1.10388042522245,1,1,1,0.992049483050805,1.03590035850698,0.930483259326679,1,1,1.0208820495653,1,1,1,0.910827679689609,0.861944740307227,1.11789959760229,0.937505217627346,1.04286222159868,0.878425104583675,1.04340642286569,1.09911588572198,0.925484068886578,0.946856336311563,1,1,1,1,0.972435137089065,0.864326724812382,1.01981323658888,1.055740803297,1,0.924753036430771,1,1,0.992412817081512,1,1,1,0.908424475040539,1.51268749272884,1,1,1,1.00573638698131,1,1,1,1.02079708126382,1,0.912742809682576,1.27148295754481,1,0.968605368227058,0.899424070170435,1,1.00959924228903,1.00799594839381,0.901758092163738,1,1.10081486051648,0.848257763091838,1,0.92444942764084,1,0.965311301099438,1,1,1,1,1.00251228371253,0.964496611283849,0.952399634693499,1,0.950127833042707,1,1,1.16400409637583,1,1.10204788896819,1,1,0.957254929887386,0.924722825332926,1,1.0375509388925,1,1.76819342691907,1.14707422429853,0.937193877582668,1,1,1,1.04508847950704,1,1,0.953854417773428,1,0.934357759478191,1,1.06813926857656,0.975541906210016,1,1,0.953114157325926,1,1.32425889784146,0.968011654727665,1,1.1494022185455,0.976615304578776,0.95074846849409,1,0.957544363045904,0.941379682973018,1,1,1,0.926004965316737,0.981576843411969,0.957134469150426,1.10473089139483,0.93692357896121,0.892241982979705,1,0.956876341716775,0.891459365597785,0.948815982727082,1,1,1.05460568361589,0.924733279397246,1
"94","220408_BL6_Ku_37_e3_wt",1,1,1,1,1,1,0.905197538227259,1,1,1,0.995090125658805,1,1,1,1,1,1,1.15573566103429,0.973037574946102,0.84885189765681,1,0.923948568618917,1,1,1,0.639565311516453,1,1,1,1,1,0.946496813230197,1,1,1,1,1,1,1.37504899196898,1,1,1.26868834767559,0.949084407988006,1,1,1.08320518708018,1,1,1,1,1,0.98503853414684,1,1,1,1,1,0.855897466930456,1.08320518708018,1,1,1,1,1,1,1,1,0.965610072106678,1,1,1,1,1,1.30002273115496,1,1,1,1,0.978556418226407,1,1.52706662871701,1,1.1712233656917,1,1,0.929261512758689,1,1.12549758269496,0.943336259707436,1.03022992361518,0.948093512463063,1.03247776489062,1.12839906569046,1,0.983926438799472,1,1,1,1,1,1,1,1.05162760708353,1,1,1,1,1,1,1,1,0.959340053644113,1.37078406606482,1,1,1,1,1,1,1,1,1.52706662871701,0.95232629735034,1.26547573444334,1,0.967260631498244,0.938923067488661,1,1,1.00362684028574,0.900936989005907,1,1.13138852746667,0.924709593359172,0.951033268736706,1,1,0.973037574946102,1,1,1,1,1,0.975048077385455,0.978711189721426,1,0.990347912111583,1,1,1.06309335579916,1,1.08932902618842,1,1,1,1,1,1.03579665502444,1,1,1.16336017719488,1,1,1.04313203214384,1,1,1,1,0.963840479095974,1,0.952126264519909,1.02014737898049,1.03920184012475,1,1,1,0.95022904145707,1,1,0.968888687658927,1,1.0947363966315,1,0.99040402648278,1,0.958872067275029,0.95613882120379,1,1,1,0.955118177322917,0.985983431223922,1,1,0.953420241770457,1,1,0.968628974795556,0.897086306704938,0.946002325815161,1,1,1.02984737789824,1,1
"95","220408_BL6_Ku_37_e5_wt",1,1,1,1,1,1,0.913124565901356,1,1,1,1,1,1,1,1.07439773353953,1,1,1.11865961127646,0.954162247538299,0.705734138894179,1,0.752435457976966,1,1,1,1,1,1,1,1,1,0.911058209281285,1,1,1.01094496587241,1,1.00118136024445,1,1,1,1,1.37445175857301,0.896093964594493,1,1,1.07538892435222,1,1,1,1,1,0.972081021089852,1,1,1,1,1,0.706407627554873,1.07538892435222,1,1,1.17972720179445,1,1,0.935247064538743,1,1,0.932894800439984,1,1,1,1,1,1.26728809097173,1,1,1,1,0.840255090686045,1,1.5263769907898,1.0156361357779,1.06802176585895,1,1,0.732448779113402,1,1.26725032053142,0.796443596074438,1.05898776709197,0.91774483156165,1.05642747598134,1.38719727939557,1,0.916064987113448,1,1,1,1,1,1,1,1,1,1,1,1,1,1,0.998815952096505,1.00884919795313,0.811523795583883,1.71856151457169,1,1,1,1,1,1,1,1.01557409598189,1.5263769907898,0.775782031712675,1.3578830003382,1,1,0.777085524206604,1,1,1,0.751780223979057,1.25661378828345,1.39083727470504,1,0.944738916495711,1,1,0.954162247538299,1,1,1,1,1,0.950950993242103,0.800605386841048,1,0.963885188338547,0.990804276803402,1,1,1,1.15824750960711,1,1,1,1,1,1.04093562841605,0.98755316997925,1,1.21581762988043,1,1,1,1,1,1,1,1,1,0.917247835413848,1,1.27089978984987,1,1,1,0.935774899287069,1,1,0.969692172955026,1,1,1,0.965062105320773,1,0.958717788840025,0.923794767855128,1,1.09602506718241,1,0.798858345487719,0.979783881095678,1,1,0.911361376369412,1,1,0.937327528279924,0.738383241353194,0.930571378415773,1,1,1.04941426908728,1,1
"96","220409_BL6_Ku_33_e2_wt",1,0.991788471957761,1,0.947238315754417,1,1,0.935454110029557,1,0.997329017851664,1.03880965117982,0.943393323385405,1,1.02204125592141,1.00477812068006,1,1,1,1.03288922842445,0.974397919718878,1,1.00133608078133,1.09788580579295,1,1,1,1,1.15286531974077,1.02051855406876,1.15271612333326,1.05041089907959,1,0.946601866722977,1,1.01374181585407,1.00993661430904,1,1,1.00821532482488,1,1.12789110116548,1,0.999615472930132,0.966770610316877,0.963413437361365,0.921403870230986,1.01728113296224,1,1,0.998419428968182,0.967155347276659,1,0.986231446071182,1.16613008982023,1,1,1,1,1,1.01728113296224,1,1,1,1,1,1,1.00593981860456,1,0.967039894103203,1,1,1,1,1.05364549292947,1,0.98555221570796,1,1.01216539814239,1,1.05547080304046,0.952187280800582,1,1,1.0996827614618,1,1,1.0639839763913,1.15164319911903,1.07469116988317,1.02096779403542,1.02897306114451,0.982788879051386,1.03134986536918,1.01024866963273,1.15373569327775,1.06652454261164,1.00540850647584,1,1,1.00992496752332,1,1.15093268132661,1,1.04116686299203,1,1.15291575611849,0.988506250327553,1,0.999572304237149,0.978843063321435,1,1,1.02005812460959,1.05851294010498,1.02591451127816,1,1,1,1,1,1,1,1,1.05357917823362,1.00283415313333,1,0.98548059483598,1.03562651087269,1,1.01834647196808,0.99999818562188,0.991618627207581,1,1.01196867877594,1.01514728191693,0.947573902175974,1.1534531068101,1,0.974397919718878,1,1,1,1,1,0.976095073067087,1.0621880898737,0.970737083136516,0.964349713845415,1,1.07381186194106,0.96192456936072,1,1.06623021642114,0.893917000070734,1,1,1.15287809108864,1,1.01362348526744,1,1.69976989266147,1.01257785524116,1,1,1.01034996212851,1,1,1,1,0.964466808741253,0.930782206628629,0.939308736661366,1,0.93180462799635,1,1.34381018851581,1,0.997483881787867,1.00377556985617,1,0.989342215841883,1,1.039741850908,1,0.964624564157805,0.973062272438582,0.985694826173978,0.957662048024988,1,1,1,1.04111964922221,1,1,1.05445725644022,0.95622899731315,1,1.06750603425381,0.971061995247906,1.02137790964337,0.997467143549201,1,1,1.02267358593317,1.15304103098864,1
"97","220409_BL6_Ku_33_e3_wt",1,1,1,0.927289459104101,1,0.957618252127657,0.946639089768441,1,1,1.03619468597612,0.922887367504972,1,1.01403544960596,1.00174182539484,1.05735575639783,0.931825391266355,1,1.03765141243046,0.951819442288484,0.714942212837486,1,0.989966231000166,1,1,1,0.608389194961432,0.96256382334188,1.01948185551741,0.962941278216786,1.06938810962032,1,0.904097294999965,1,1.00550271389288,1,1.04831113468648,1.00068818067251,1.01106829524328,1,0.960289779652114,1,1.34535879752561,0.926342325139544,1,0.927376114978181,1.02021185202826,1,1,1,1,1,0.969711852832006,0.96755314597082,1,1,1,1,0.716931041585326,1.02021185202826,1,1,1.1404723248465,1,1,0.95398902571175,1.00425923210069,0.92527093031802,0.929748051375868,1,0.936408750917247,1,1,1.07268114114308,1,1,1.15923531973477,0.992385968458772,1,1.04032279099361,1,1.40509606219292,1.01277083726881,1.07867208068213,1.05460044116213,1,0.977880255928694,0.933578642045247,1.23395154513685,0.964612736682043,1.06175386721697,0.921836907845098,1.05857061222497,1.12165949076405,0.96246432454152,0.974537696883401,1,1,1,1,1,0.907103825461088,1,1,1.15930335025926,0.962590802891215,0.983107489402599,1,1,0.97991201611081,0.999310253678892,1.00551568824789,0.997519405095368,1.6281221619675,1,0.965983041437225,1,1,0.968723472777267,1,1,1.01273956936574,1.40509606219292,0.995312570163682,1.31397405476492,1,0.952299550261753,0.977384313678969,1,1.00705318225107,1.00686620391695,0.909968735764903,1.23336839417795,1.12649325128095,0.886998827332377,1,0.962398494061794,1,0.951819442288484,1.35102035243551,1,1,1,1,0.948618710737719,0.985909276996554,0.998606671910671,0.929017856243465,0.994268323227144,1,1.18578582633828,1,1.1497532388948,0.901805054914651,1,1,0.962559355657429,1,1.01301308747897,1,1,1.1828316341511,0.969747516301168,1,1.03295841716374,1,1,1,1,0.93488018318087,0.935446049658396,0.89669982089916,1,1.01273450912094,1,1,0.932724255711194,0.943831463859185,1,1,0.989502509174643,1,1.09985992616178,1,0.939373576261546,0.985730185490927,0.985975008135064,0.920900465175035,1,1,0.95348895112695,0.993639330423812,1,1,1.07350757034994,0.905785329365399,0.906311705021867,1.06248646183556,0.934789059353811,0.952151295834272,0.938963652958444,1,1,1,0.962643497012153,1
"98","220422_BL6_Ku_47_e1_wt",1,1,1,1,1,1,0.995977217485383,1,1,1,1.01230291541848,1,1,1,1,1,1,0.986657063586776,1.02184218344219,1,1,1,1,1,1,1,1,1,1,1,1,1.0415882943669,1.24225466641135,0.998152704254394,1,1,1,1,1,1,1,0.923139202686959,1,0.965861992394565,1,0.991412909755196,1,1,1,1,1,1.00762066323575,1,1,1,1,1,1,0.991412909755196,1,1,1,1,1,1,0.999402588178205,1,1,1,1,1,1,1,1,0.983943618188247,1,1,1,1.12808007084828,1,1,1,1,1,1,1.12851048606068,1,1,1.09541754817033,1,0.979698622193554,1,0.878542866587259,1,1.07982656692959,0.998959472055768,1,1,1,1,1,1,1,1,1,1,1,1,1,1,1,1.11834457863955,1,1,1,1,1,1,1,1,1,1,1.10595199462192,1,1,1.00801844305857,1.12131907858834,1,1.01160715672971,1,1.10783387670531,1,0.879031931216383,1,0.930871989408641,1,1,1.02184218344219,1,1,1,1,1,1,1.13081328889756,1.00245639454255,0.993793120439912,1,1,1,1,1,1,1,1,1,1,0.989566198135801,1,1,1,1,1,1,1,1,1,1,0.998581344810757,1,1.02469337892699,1,0.875653198611179,1,1,1,1,1,1,1.00689898127332,1,0.917349639975878,1,0.992529129890606,1.01372806645342,1.009467039895,1,1,1,1,1.11369703282929,1,1,1,1.03543625491389,1,1,1,1.13784816542318,1,1,1,1,1,1
"99","220422_BL6_Ku_47_e2_wt",1,1.05809191308241,1,1,1,1,0.949603661335932,1,1,1,0.920229893445942,1,1,1.00117193328268,1,1,1,1.08659410555192,1.00334711514488,0.95709234005725,1.00462050416574,1.04160661393353,1,1,1,0.727772735501586,1,1.01483664198552,1,1,1,1.00332547382234,1,1,1,1,1,0.997728207328947,1,1,1,1.05083985572486,1,1,1,1.02938822848797,1,1,1,1,1,0.99931758594696,1,1,1,1,1,0.964720593410375,1.02938822848797,1,1,1,1,1,1,1,1,1.00855122780005,1,1,1,1,1,1,1,1,1,1,1.02661744411099,1,1,1.01465502592812,1,1,1,1.0572815729839,1,1,1.04485545223822,0.992483178097565,0.92739999502939,0.99420846286605,0.920985930637457,1,1.01762165976879,1,1,1,1,1,1,1,1,1,1,1,1,1,0.984701753644131,1,1,1.04362146856604,0.950747640967877,1,1,1,1,1,1,1,1.01468075620772,1,1.023055682873,1.08558261636372,1,0.97684444249065,1.01755146773086,1,1.00886783663118,1,1.0482647283986,1,0.919776649709952,0.928406927671798,0.973847237324938,1,1,1.00334711514488,1,1,1,1,1,1.00627367138468,1.0245151763931,1,0.966731852691418,1,1,1.00950896664901,1,1,1,1.74604261006438,1,1,1,1.00847770594624,1,1,1.06482163350325,1,1,1,1,1,1,1,0.967230189466908,1,0.990125166438437,1,0.957028190748765,1,1,1,0.981770353663453,1,1,0.98639780095651,1.02536345665696,1.07430669260154,1,0.965538272915437,1,0.983381777696698,1.00782146328704,1,1,1,1.03532562023457,1,1,1,1.00888525966676,1.01968927895774,1,1.0072442127402,1.04732997794737,0.980469245673363,1,1,1,1,1
"100","220422_BL6_Ku_47_e3_wt",1,0.999145706128233,1,1,1,1,0.972063367078212,1,0.999811448318267,1,1.0035641949212,1,1,0.984604138820613,1,1,1,1.0276200186997,1.00406076762578,1,1.00263086995841,1.15311189723345,1,1,1,1,1,1,1,1.03297308248997,1,1.00561323843166,1,0.99766144416078,1,1,1,0.966602733605199,1,1,1,0.956397179800374,1,1,1,1.0169343069937,1,1,1,1,1,1.00092047349155,1,1,1,1,1,1,1.0169343069937,1,1,1,1,1,1,1.00156126577331,1,1.01044003980398,1,1,1,1,1.03615397901593,1,0.987978681279959,1.1683022804253,1,1,1.14532113148078,1,1,1,1,1,1,1.17156684701887,1,1,1.15762024132059,0.990822847701429,0.972409369003249,0.992249868036844,0.856737281041891,1,1.08130291650224,1.00097974403418,1,1,1,1,1,1,1,1,1,0.998206414216579,1,1.01987221763871,1,1,1,1.14997706740615,0.822553306835253,1,1,1,1,1,1,1,1,1,1.14047425457214,0.946293462808298,1,1.00694132345484,1.13736497271824,1,1.00471098588262,0.995933290882703,1.13303332688252,1,0.857385909302758,1.19472905504731,1.00146888361955,1,1,1.00406076762578,1,1,1,1,1,1.00763697096139,1.1577558499384,1.01133112544142,1.00227198697808,1,1.12693616325406,0.95270706522404,1,0.987578082749151,1,1,1,1,1,1.00011950672619,1,1,0.991711335184112,1,1,1,1,1,1,1,0.992068395727076,1,0.996592035098061,1,0.839902162691016,1,1,1,1.00450914005083,1.00137729572119,1,0.998483912873692,0.986797785957384,1.01156278544333,1,1.0009222599452,1.01145906243001,0.998072413415641,1.01046654302952,1,1,1,1.15584327846586,1,1,1.03695226648294,1.01002050225648,1,1,1.00813014991826,1.15280242564734,1.00520607175811,1,1,1,1,1
"101","220422_BL6_Ku_47_e4_wt",1,1,1,1,1.05522189357779,0.957164470503752,0.996161140749789,1,1,1,0.966908962949166,1,0.974042946610251,1,1,1,1,0.95743113623134,1.01394790884771,1,1,1,1,1,1,1.08093693235644,1,1,1,1,1,1.02556656148687,1,1,1,1,1,1,1,1,1,0.948848629101332,1,0.982933916618151,1,0.972366562761226,1,1,1,1,1,1.00208695412081,1,1,1,1,1,1,0.972366562761226,1,1,1,1,1,1,1,1,1.02400205583384,1,1,1,1,1,1,1,1,1,1,1.15055499755987,1,1,1,1.13362642746738,1,1,1.16600717374814,1,1,1.12929674143173,0.978901371450522,0.985693375435189,0.97713813349563,0.830247541150297,1,1.11375664629388,1,1,1,1,1,1,1,1,1,1,1,1,1,1,1,1,1.15358599098094,0.691665788820952,1,1,1,1,0.968575852479338,1,1,1,1,1.1229888263229,0.974544348403166,1,1.03601455793857,1.14441057668206,1,1.01768984110173,1,1.16127815883121,1,0.83068314726697,1,0.94076147338417,1,1,1.01394790884771,1,1,0.941851998629745,1.12222223586841,1,1.01740107250501,1.16270788766159,1.03197937585939,0.992340229264684,1,1,0.881318261227831,0.938960442090814,0.972338553720658,1,1,1,1,1,0.984844600063693,1,1,0.973071386521529,1,1,1,1,1,1,1,0.998459909959735,1,1.0127954854296,1,0.855873127501668,1,1,1,1.00474902400339,1,1,1.01114255096773,1,0.912369279311132,1,0.9909949382254,1,1.01520274283345,1.03087492066465,1,1,1,1.13899998450639,1,1,1,1.02476238255498,1,1,1.01770409924123,1.17013857503153,1.00459537370802,1,1.13185933530577,1.02081066135179,1,1
"102","220422_BL6_Ku_47_e5_wt",1,1,1,1,1,1,0.990955805561073,1,1,1,0.967846418296144,1,1.004139364092,0.996994542912255,1,1,1,0.962220384814638,1.00149820269307,1,1.01538514841768,1.05388591511297,1,1,1,0.873789601726495,1,1,1,1.0586777651549,1,0.99911842589341,1,0.996483282551772,1,1,1,1,1,1,1,1,1,1,1,0.978918506946321,1,1,1,1,1,0.999447442983366,1,1,1,1,1,1,0.97891850694632,1,1,1,1,1,1,1,1,1.00747669542039,1,1,1,1,1.06193781566578,1,0.981578630887509,1,1,1,1.06961279225789,1,1,1,1,1,1,1.01176803784628,1,1,1.03209342494951,0.993427728835211,0.99211527057907,0.995309007871013,0.956736387718191,1,1.06538361490656,1,1,1,1.03158912855452,1,1,1,1,1,1,1,1,1,1,1,1,1.05368307119881,0.785298519680559,1,1,1,1,1,1,1,1,1,1.02473456702075,1,1,0.969511341561595,1.03956374189526,1,1.007851418726,1,1.03074304002814,1,0.958352669054643,0.974628504307552,0.935544601084473,1,1,1.00149820269307,1,1,1,1,1,1.00549772261895,1.04731498410955,1,0.968658562815346,1,1.01011248581257,0.986719766812519,1,1,1,1,1,1,1,0.99014626144784,1,1,1,1,1,1,1,1,1,1,1,1,0.983887123575599,1,0.962407949351819,1,1,1,1,1,1,1.00829448634709,1,1.07678847725954,1,0.968019156254393,1.00926432284614,1.01111697412388,1.00633517870439,1,1,1,1.04491021550345,1,1,1.06275596785759,1.00592709555226,1,1,1.00629885306258,1.03661301752756,1,1,1,1,1,1
"103","220422_BL6_Ku_47_e6_wt",1,1,1,0.950179246257408,1,1,0.934164116497183,1,1,1,0.942986124338865,1,0.995301392779883,1,1,1,1,1.08688167869844,0.992988764488036,1,1,1.08358236648034,1,1,1,0.896601242777969,1,1.01762414036663,1,1,1,0.985112886620373,1,1,1,1,1,1,1,1,1,1,0.95613623541224,0.973785468676337,1,1.04824359552596,1,1,1,1,1,0.994274934777234,1,1,1,1,1,1,1.04824359552596,1,1,1,1,1,1,1,1,0.996540455796178,1,1,1,1,1,1,0.989762637240676,1,1,1,1.06504505374078,1,1,1,1.05567677103332,1,1,1.01860268562946,1,1,1.04177695128792,1.00304105775823,0.982741017976257,1.00600350332263,0.977714292338547,1,1.03499456215721,1,1,1,1,1,1,1,1,1,1,1,1,1,0.981827529342405,1,1,1.04465526955917,0.931482125664554,1,1,1,1,1,1,1,1,1,1.03200793919335,0.986102781858118,1,0.976026759390024,1.05165836770823,1,1.0123679112133,1,1.01759918661572,1,0.978772023372038,1.00966400692704,0.979226429064531,1,1,0.992988764488036,1,1,1,1,1,0.99758473787692,1.06120424891279,1,0.955371426974152,1,1,0.957287340471859,1,1.03362493638789,1,1,1,1,1,1.0184645737758,1,1,0.993758481932573,1,1,1,1,1,1,1,0.981197939246432,1,0.986957098123008,1.0208946134924,0.950290420410029,1,1.34153322733055,1,1,1,1,0.983769480004231,1,1.03422752097178,1,0.955092446044679,1,0.978445672475336,0.99189227665375,1,1,1,1.0445388473989,1,1,1,0.991589978403604,1,1,0.995103527594867,1.0412286521797,1,1,1,1.02600924409149,1,1
"104","220422_BL6_Ku_47_e7_wt",1,0.960572971752287,1,0.940864876419797,1,0.963770801842239,0.979303924382968,1,1,1,1.00656562024487,1,1.00216419645388,0.983532226009958,1,1,1,0.959487546734691,0.991006037553755,1,0.98092101198942,1.12959836536785,1,1,1,0.890302569454585,1,1,1,1,1,0.978280384046411,1,0.993155478628931,1,1,1,0.986139771511609,1,1,1,1,1,0.96227593981961,1,0.963675790029928,1,1,1,1,1,0.994834323478843,1,1,1.10279429761285,1,1,1,0.963675790029928,1,1,1,1,1,1,1,1,0.990706408538757,1,1,1,1,1,1,1,1,1,1,1.11791813371538,1,1,1,1,1,1,1.12020032459998,1,1,1.09621214268015,1.00816938496805,1.00122735830361,1.01137753957484,0.895501248650115,1,1.11283581311301,1,1,1,1,1,1,1,1,1,1,1,1,1,1,1,1,1.11016635524484,0.889714510643955,1,1,1,1,0.973523483298748,1,1,1,1,1.09949151674226,0.921955926423914,1,1.02682014609347,1.09651238683054,1,1.0124097731809,0.995643231778855,1.09348180360889,1,0.896841555681578,1,0.975995300097871,1,1,0.991006037553755,1,1,1,1,1,0.993351750056046,1.11390200448663,1.01778079644693,0.988779242400874,1,1,0.913864537649978,0.964998189952189,1.01715217013605,1,1,1,1,1,0.986856067613142,1,1,0.957412737308085,1,1,1,1,1,1,1,0.999040647577408,1,0.965563655564814,1,0.890868606824877,1,1,1,1.01090854116513,1,1,1.00802251714133,1,0.902699933923501,1,0.987438269907026,1.01433160627923,1.01145063630175,0.98463464775874,1,1,1,1.10900691323043,1,1,1,0.988086942695419,1,1,0.993052396337408,1.10455899080836,1.01149539991896,1,1.07501869353582,1,1,1
"105","220422_BL6_Ku_47_e8_wt",1,0.968518397385452,1,0.954609685642644,1,1,0.956013679310532,1,0.999504091872393,1,0.9847438584875,1,0.994889981155199,0.987581379891314,1,1,1,0.993244191228484,0.987200471234716,1,0.989399472300227,1,1,1,1,1.04027460503487,1.17129621595705,1,1.17070241658102,1.13096861256451,1.00028080287506,0.970834009934496,1,1.01098027969006,1,1,1,0.98576584173734,1,1.15698144480561,1,1,1,1,1,0.991121513347125,1,1,1,0.973877252265036,1,0.993286691271502,1.1761225047151,1,1,1,1,1,0.991121513347125,1,1,1,1,1,1,1.00103810606611,1,0.983557613866308,1,1,1,1,1.13445127265669,1,0.980700149465832,1,1.01040010605134,1,1.14703230127154,1,1,1,1,1,1,1.17895797318751,1.17288927893619,1,1.12478153261961,1.01445342015298,0.989655056588227,1.01769587189417,0.871701841095194,1.17144884316197,1.09313147095823,1.00036541496649,1,1,1.01707782416864,1,1,1,1,1,1.17134067372912,0.98977691048592,1,1.01280219463696,1,1,1,1.12468999503476,0.964609616829454,1,1,0.980990634147259,1,1,1,1,1,1,1.13476385732224,1,1,0.990939724332714,1.13005880046664,1,1.00929696574482,1.00242163443217,1.11772166694479,1,0.873384138154572,1.11839862688135,1,1.17175494276552,1,0.987200471234716,1,1,1,1,1,0.988153594982114,1.14711719872451,0.982503202759813,0.985336655635955,1,1.05578244815106,0.983527930549871,1,1.01431450734292,1,1,1,1.17130240676885,1,1.00126782136346,1,1,0.9420509425901,1.17797927255384,1,0.999036240834992,1,1,1,1.03084630302288,0.990629506879854,1,0.958983031376479,1,0.860834261152395,1,1,1,1,1.00007056279244,1,0.998566390768696,0.99023862497362,1.04690783713833,1,0.984440201402318,0.982761144453762,0.998254018586418,0.976101748266272,1,1,1,1.13959529635999,1,1,1.1353252916261,0.981189892188632,1,1,0.989001356883376,1.12655104597155,1,0.98477759933571,1,1,1.1711073474032,1
"106","220422_BL6_Ku_47_e9_wt",1,1,1,1,1,0.960490004152263,0.973011322238056,1,1,1,0.962294553326514,1,1.02263613652701,1,1,1,1,1.0373373514131,0.9942006897495,0.957725460213348,1,1.00482700772837,1,1,1,0.717258773439876,1.02710300566588,1,1.02884204686169,1,1,0.986825054085716,1,0.999360296234288,1,1,1,1,1,1.02579674881494,1,1.06229302548798,1,1,1,1.01871548340998,1,1,1,1,1,0.994686785672765,1,1,1,1,1,0.967297649488587,1.01871548340998,1,1,1,1,1,1,1,1,0.996299032274998,1,1,1,1,1,1,1,1,1,1,0.981018617175597,1,1,1,1.07934002217741,1,1,1.00823811225305,1,1,0.977770317058487,1.00325327729608,0.945025792759569,1.00623010291515,0.985951303043201,1.02728917823585,0.99027865728439,1,1,1,1,1,1,1,1,1,1.02715210937137,1,1,1,1,1,1,0.979020436739225,1.07055831857043,1,1,1,1,0.971375014720805,1,1,1,1,0.973472037115976,1.08915777478839,1,0.972706864464621,0.963076890964397,1,1.00954371089713,1,0.980208516076759,1,0.98692489827958,0.888591715235121,0.963979758204656,1.02766853710035,1,0.9942006897495,1,1,1,1,1,0.997409731665275,1.0085488712734,0.994610829622551,0.959907080266508,1,1,1,1,1,1,1,1,1.02711855296046,1,1.00430205014674,1,1,1.06921251224466,1,1,1,1,1,1,1,0.971094999381107,1,0.984904727960962,1,0.984888285198696,1,1,1,0.981935482129698,1,1,0.99493487915919,1,1.04782675638573,1,0.959175801528072,1.00067296737482,0.993544421558365,0.991586254201902,1,1,1,0.979668521432594,1,1,1,0.993711918249104,0.999600317497842,1,0.997122454018292,0.98467785354639,0.980889744507062,1,1,1,1.02723640526454,1
"107","220422_BL6_Ku_50_e3_wt",1,1.04111735536547,1,1,1,1,0.992141172554865,1,1,1,1.00161858092951,1,0.987040494969621,1,1,1,1,1.02153317735109,1.0013357769346,1,1,1.03555020669601,1,1,1,0.913562429364317,1,1,1,1,1,1.00129101457385,1,1,1.00578450733969,1,1,1,1,1,1,1.09998896212315,1,1,1,1.00482403767615,1,1,1,1,1,1.00230152101724,1,1,1,1,1,1,1.00482403767615,1,1,1,1,1,1,1,1,1.00282155407497,1,1,1,1,1,1,1,1.18691041671276,1,1,1.03709029371861,1,1,1,1.09348941567855,1,1,0.995971912936796,1,1,1.02987664368961,0.997519757400277,1,0.999969054392805,0.96750502494956,1,1.06432510405013,1,1,1,1,1,1,1,1,1,1,1,1,1,1,1,1,1.01881297697014,1.00393386819269,1,1,1,1,1,1,1,1,1,1.0096306412714,1.07907999947398,1,0.98468500530581,1.00760179568212,1,1.0015634783843,0.99862210744112,1.01875191298478,1,0.968438151430308,1.13259992850578,0.972275333109881,1,1,1.0013357769346,1,1,1,1,1,1.00213295346804,1.01455176839216,1,1.00047227069332,1,1,1,1,1,1,1,1,1,1,0.996940073749271,1,1,1.08411330121297,1,1,1,1,1,1,1,0.949430027283086,1,0.998931813919143,1,1.00258004998005,1,1.31535223843,1,0.980752957133288,1,1,0.999390820993556,1.0046941149114,0.978915498824142,1,0.999624112509872,1,0.999792364450839,1.00004179200184,1,1,1,1.02320844460863,1,1,1,1.00567654089109,1,1,1.00561417838766,1.00370636562381,0.980137153625635,1,1,1,1,1
"108","220422_BL6_Ku_50_e6_wt",1,0.978392282040187,1,0.985169220788474,1,1,0.976226358586225,1,0.999393149669868,1,0.979350122951306,1,0.995708599721395,1.02121234300242,1,1,1,1.00171616240802,0.993209112662929,1,1.01611481580639,1.22781949084832,1.2032736023989,1,1,1.08486198495782,1.21716844151574,1,1.21494182791834,1.18323406013762,1.01102738675422,0.98304121231951,1,1.00002125419201,1,1,1,1.02630270863502,1,1.19089995457785,1,0.918899314496141,1,1,1,0.995156473453128,1,1,1.00670231823585,0.979783735589726,1,1.000753266143,1.23882893800991,1,1,1,1,1.25207556898807,0.995156473453128,1,1,1,1.20327169158695,1,1,1.00222856126534,1,0.991762213131854,1,1,1,1,1.18687766438549,1,0.98628543137675,1,1.01830456747357,1,1.11027333647604,1,1,1,1,1,1,1.12672953777252,1.2383045199707,1,1.10831485377615,1.00724129659576,0.999047890502176,1.01042025314814,0.875269453542157,1.21720399413049,1.12134754845335,1.00126535036229,1,1,1.00503714173972,1,1.27030192354767,1,1.02793763398612,0.983015704482714,1.21723007978885,0.993149719642594,0.995128688558001,1.00786552076952,1,1,1,1.07806247560187,0.910981080404818,1.01675757090343,1,0.965580832472838,1,1,1,1,1,1,1.09523531630766,0.936868330315462,1,0.993851356173383,1.1001701939039,1,1.00273613713645,0.997881056737563,1.11917017821118,1,0.874488645067094,1.2171338878268,0.975630600160944,1.21705697823803,1,0.993209112662929,1.20324820175412,1,1,1,1,0.994118414696934,1.18251482264869,0.99798838980307,0.992063481850383,1,1.1304156046019,0.994449623497414,1,0.999289804775166,1,1,1.20327169158695,1.21719031365066,1,0.998751581537695,1,1,0.962204497170052,1.21891493076877,1,1.01630196717035,1,1,1,1.05617752818917,0.975796500079183,1,0.972003468915266,1,0.844870542363242,1,1,1,1.01009986393566,1.00136560693629,1,0.999649862918056,0.992974914901057,1.04484538634036,1,0.990762223987351,0.991728286265992,0.99983314739512,0.985927461819754,1,1,1,1.09881317764812,1,1.2032736023989,1.18779207438973,0.991991666970671,1.14521481670012,1,0.99632062993813,1.11788301373161,1.01072068922485,1,1,1,1.21708711512069,1
"109","220422_BL6_Ku_50_e9_wt",1,0.931722937152293,1,1.00656319726279,1,1,0.996485095532038,1,1.00367435017434,1,1.03529011800489,1,0.953424866367383,0.960102703802614,1,1,1,0.96357264460312,1.03027555496591,1,0.950701418729878,1,1,1,1,1.37374528993424,1,1,1,1.10143883015935,0.942952263001893,1.0549907477992,1,0.984374775083806,1,1,1,0.969490780922436,1,1,1,0.88098715483181,1,1,1,0.97288867160831,1,1,1.01896115789927,1,1,1.01575793387566,1,1,1,1,1.01032162869612,1,0.972888671608311,1,1,1,1,1,1.06175834230808,0.997214040232568,1,1.03604255369739,1,1,1,1,1.10483055740549,1,0.985664282515537,1.16797930179585,1.04782883006451,1,1.22520169582545,1,1,1,1,1,1,1.29697595813828,1,1,1.28019454706256,0.968317361741843,1.01570549873038,0.96165185173223,0.722334269291308,1,1.18588779769989,0.994232723866477,1,1,1,1,1,1,1,0.920039514591284,1,1,1,1.0283148272424,1,1,1,1.18970783779646,0.517989217884403,1,1,0.890161975457165,1,1,1,1,1,1,1.23021100918726,0.882033957167946,1,1.01059180162906,1.24908033928424,1,0.999388098165487,0.992704534046526,1.31411642094663,1,0.720854262044572,1.39922670616161,1,1,1,1.03027555496591,1.19989088402902,1,1,1,1,1.02603388281296,1.28354398217078,1.03876116432142,1.01675074395339,1,1,0.869500899267438,1,1,1,1,1,1,1.02467071541715,0.986500430654607,1,1,0.925624044049152,1,1,0.985985000029916,1,1,1,1.00061982718398,0.976184653378329,1,1.0130577395099,1,0.761431399903493,1,1,1,1.01970617565917,0.996062130299612,1,1.00930494725134,0.989885793898936,0.903913555203683,1,1.01537826790877,1.04541933685343,1.01289543626056,1.05178912383105,1,1,1,1.23818472170702,1,1,1.10568175559129,1.0457446574816,1,1,1.03415548796504,1.31435728065084,1.02089953454201,1,1,1,1,1
"110","220613_BL6_Ku_29446_e1_wt",1,1,1,1,1,1,1.01041086146497,1,1,1,1.00068487655531,1,1,0.981398413682922,1,1,1,1.00565623768192,1.02207554547701,1,1,1.04800739374012,1,1,1,1.06843897384023,1,1.01540727149316,1.17159635108206,1.11778763145078,1,1.04287318141535,1,1,1,1,1,0.982876959095516,1,1.16922461775479,1,0.929529471740756,1,1,1,1.0105323667229,1,1,1,1,1,1,1,1,1,1,1,1.12596281215618,1.0105323667229,1,1,1,1,1,1,1,1,1,1,1,1,1,1.12122970255013,1,1,1,1.01623715937019,1,0.971394009278694,0.963764497946245,1,1,1,1,1,0.981994661200928,1,1,0.977766389882978,1,1,1,0.947267563421357,1,1.07225109442946,1,1,1,0.998266324996036,1,1,1,1.02934207690202,1,1,1,1,1,0.984113370451068,1,1,0.989682972351168,0.687032205281208,1,0.960676468874316,1,1,1,1,1,1,1,0.985583876051064,1,1,1,0.966397427792684,1,1.01130552171424,0.99538869040028,1.03625613694458,1,0.945102709495697,1.16744428351693,1,1,1,1.022075545477,1,1,1,1,1,1,1.00058619217599,1,0.999067542571263,1,1.07958500080769,1,1,1,1,1,1,1,1,0.991945002597392,1,1,1,1,1,1.03718900935249,1,1,1,1,0.939894220015662,1,1.0300201580564,1,1.01037960701703,1,1,1,1,1,1,1.00552038993214,1.00224872057739,1,1,0.997809282477696,1,1.0072215342916,1,1,1,1,0.986830968548433,1,1,1.12209353518245,1,1.02740658736901,1,1,0.946785246590639,1,1,1,1,1,1
"111","220613_BL6_Ku_29446_e2_wt",1,1.00358032917168,1,0.950472522664855,1,1,1.00054634342506,1,1.00064419207488,1,0.92081502935398,1,0.991500454621308,0.972853999302386,1,1,1,0.937346279553407,1.00143514231364,1,0.973011756576318,1.07016524315513,1,1,1,1.07542008482541,1,1,1,1.05029603636988,1,0.998175455838361,1,0.998169345731526,1,1,1,0.972696463663126,1,1.23261519314906,1,1,1,0.947865666107946,1,0.946386677902219,1,1,1.00477203543342,1,1,1.00006790403052,1,1,1.08601949903984,1,1,1,0.946386677902219,1,1,1,1,1,1,1.00084051146661,1,1.00328849631908,1,1,1,1,1.05353027651607,1.28359387011679,0.983032750301392,1,1.02428743893039,1,1.04100590780405,0.952533365106277,1,1,1.06028457903808,1,1,1.02837112014065,1,1,1.04566527359446,0.997109299186578,1,0.999509200165314,0.921974280383075,1,1.06934183574735,1.0004219622804,1,1,1,1,1,1,1.00305016743282,1,1,1,1,1.00996678882601,1,1,1,1.0211344554716,0.797934659275136,1,1,1,1,1,1,1,1,1,1.04350060761431,1,1,0.989522564412325,1.03936481527311,1,1.01716501774322,0.998086393853258,1.06310444191475,1,0.921387376117211,1.15162615642915,1,1,1,1.00143514231364,1,1,1,1,1,1.00247069526673,1.03994492763054,1.013554907088,0.961973773696684,1,1.07460379571733,0.891136680980392,1,0.968336730829611,1,1,1,1,1,0.983528561505464,1,1,1,1,1,1,1,1,1,1,0.951695149051233,1,0.978782594276007,1,0.953153997741483,1,1,1,1,0.999483398243125,1,1.01033321795244,1.02277249991837,0.946867795347992,1,0.962122433328999,1.01781492676234,1.01468206486854,1.00066282453164,1,1,1,1.0415085375235,1,1,1.05434195126026,1.00583148884118,1,1,1.00588914668071,1.03159013548999,1,1,1,1,1,1
"112","220613_BL6_Ku_29446_e3_wt",1,1.08524628666612,1,1,1,1,1,1,0.997842914683873,1,0.955707122688249,1,1.01575012708843,1.01347453799301,1,1,1,1.01093642863361,1,0.952504080319006,1.02460079147527,1,1.05206145053677,1,1,0.99213991577922,1.09916798279974,1,1.10107071296997,1.10596792488013,1,1,1,0.995069188985609,1,1,1,1.00236391588785,1,1.08986695865497,1,1.00550940194789,1,0.970705908972535,1,0.996336947598361,1,1,1,1,1,1,1.08672768261925,1,1,1.09357602960037,1.00992424634284,0.900248643072584,0.996336947598361,1,1,1,1.05204447846903,1,1,1.00241990761452,1,1,1,1,1,1,1.10937359884173,1.26381143253396,1,1,1,1,0.971732392643436,0.950349732944267,1,1,1,1,1,1.04189811847212,1,1,1.02311993343712,1,0.954938066081308,1,0.879036342693974,1.09887799446985,1.04455771646725,1.00376675653746,1,1,1,1,1,1,1,1,1.09922169326927,1,1,1,1,1,1,0.99371850600291,1,1,0.959247759754453,1,1,1,1,1,1,1,1.03446602729241,0.969245527580119,1,0.972086805679953,1.03680984561765,0.912793946467455,1.00670027601253,1,1.09873753125943,1,0.875998260380142,0.9617801479926,1,1.09830830069032,1,1,1,1,1,1,1,1,1.06814494823373,1,0.979204509285491,1,0.975934508791866,1,1,1,1,1.54565461316701,1.05204447846903,1.09918578239056,1.03511045177001,0.988166257191948,1,1,1.01365187437244,1.08430370322521,1,1.04166579891948,1,1,1,1,0.946441648567312,1,1,1,0.911851190141202,1,1,1,1.00018862927551,1.00282587003287,1,1.00462718590955,1.07579806285425,0.950826581165083,1,0.978265435058324,1.02169782456167,1.00712602088301,1,1,1,1,1.0148492164371,1,1.05206145053677,1.11022829713766,1,0.989508035668002,1,1,1.03052587770777,1.00090736617864,1,1,1,1.09894453343639,1
"113","220613_BL6_Ku_29446_e4_wt",1,1.03481454701284,1,1,1,1,0.993614350145823,1,1,1,1.05554163497027,1,0.987389731084001,0.996434659749284,1,1,1,0.991168670982826,1.00530040910267,1,0.98818450903924,1.07920332534438,1,1,1,1,1,1,1,1.15093783269876,1.01141461567031,1.00813136669901,1,0.999816607104029,1,1,1,1.00467321974578,1,1,1,1,1,1,1,0.995217746750558,1,1,1,1,1,1.0054726670697,1,1,1,1,1,1,0.995217746750558,1,1,1,1,1,1,1.0019886275466,1,1.00470485945354,1,1,1,1,1.15448198521898,1,0.978484757331412,1,1.016111910979,1,0.962975965664739,1,1,1,1.05340164366022,1,1,0.969436330745563,1,1,0.97720240202448,0.995864267516291,1,0.998104221321878,0.965957796284162,1,1.10658227714513,0.999475175774458,1,1,1,1,1,1,1,1,1,1,1,1.01293237902736,1,1,1,0.966444356271472,0.829419762490802,1,0.968046008103936,1,1,1,1,1,1,1,0.987008646561049,1,1,1.01860421037416,0.976564772697306,1,1,1.00043548826158,1.02744674926883,1,0.962746069463068,1,1,1,1,1.00530040910267,1,1,1,1,1,1.00349484056739,0.974943051795897,1.02132703233097,1.02581752280079,1,1,0.933895953621025,1,1,1,1,1,1,1.01877708274069,0.993862605928389,1,1,1,1,1,1.01965536320611,1,1,1,1,0.948959162521312,1,0.998849020366106,1,1.02498477074394,1,1,1,1,1,1,1.00432677874079,1.04747588164942,0.927440110657028,1,1.02450868820762,1.0192280836476,1.00588274472638,1.002560246613,1,1,1,0.975981885706941,1,1,1.15537143651517,1.01195484859306,1.09027199384917,1,1.0108329345351,0.925484796276901,1,1,1,1,1,1
"114","220613_BL6_Ku_29446_e6_wt",1,1.03764277444084,1,1,1,1,1,1,0.998440722266912,1,0.957768284514999,1,1.01356611642013,1.00287208277513,1,1,1,0.990307559487396,0.986119645720525,0.89181602942143,1.01195974724536,1.11246534383756,1,1,1,0.911548363962932,1.0958086772306,1,1.09159955970318,1.08241235641017,0.99649157592361,0.969776145374736,1,0.997973876727702,1,1,1,0.993797185649304,1,1.0747615163703,1,1.12366504982465,1,1,1,0.992471363368376,1,1,1,1,1,0.998503200570868,1.09329527886068,1,1,1,1,0.881895427412569,0.992471363368377,1,1,1,1,1,1,1.00263326543193,1,0.977366198228834,1,1,1,1,1.08574549428426,1,1,1.23089990349697,1.01403996470045,1,1.01846521610284,0.957051652077706,1,1,1.08605780536775,1,1,1.06375923186533,1.16530435053023,1,1.01298791175845,1.01989588639982,1,1.02295695758903,0.938132859028712,1.09612207648526,1.04242568020949,1.00516501168502,1,1,1,1,1.11291444685917,1,1.02299092355361,1,1.09586272705607,1,1,1.00336572676174,1,1,1,1.01356553352062,1.10177366025784,1,0.934358769198508,1,1,1,1,1,1,1,1.04263573321076,1.07416019777354,1,0.962889820162566,1.0066897011206,1,1.0025527641437,0.999576417907413,1.04681153054691,1,0.936294404071636,0.93519325735965,1,1.0950667395359,1,0.986119645720525,1,1,1,1,1,0.983641513700283,1.07779056409351,1.01896295467947,0.972720911378832,1,1.02117044298131,1.01674069961882,1,1.02486625207257,1,1,1,1.09582692591266,1.02438130364583,0.993283461410282,1,1,1.07618743654092,1.08965283398443,1,1,1,1,1,1,0.942962984709103,1,0.963521853008352,1,0.918339609644571,1,1,1,0.981834881089117,1.0024971560378,1,1.00424418730643,1.04210477332219,1.04142917636683,1,0.973470788416012,1,1.00590988655559,0.968996658950499,1,1,1,1.02832566047239,1,1,1.08658198870304,0.979183014973778,0.968336188839145,1,0.9878852231389,0.993493354414921,0.981090740070565,1,1,1,1.09560547913658,1
"115","220613_BL6_Ku_29446_e7_wt",1,1,1,1,1,1,1,1,1,1,1,1,1,1,1,1,1,1,0.998317885595617,1,1,1,1,1,1,1,1,1,1,1,1,0.994012620800432,1,1.00408428710848,1,1,1.00124427273325,1,1,1,1,1,1,1,1,1,1,1,1,1,1,1,1,1,1,1,1,1,1,1,1,1,1,1,1,1,1,0.995811907551874,1,1,1,1,1,1,0.978160535616192,1,1,1,0.959880502611612,1,1,1,1,1,1,0.975614291384542,1,1,0.901322913364347,1.00368147659957,0.975760483891742,1.00668617149289,1.04540256505046,1,1.01173084681503,1,1,1,1,1,1,1,1,1,1,1,1,1,1,0.998752896478363,1.00953651008958,0.952935470579158,1,1,0.94259584644855,1,1,1,1,1,1,1,0.952007452553504,1,1,1,0.936515955168785,1,1,1,0.946997219162697,1,1.04553995202113,1,1,1,1,0.998317885595616,1,1,1,1,1,0.997056575743198,0.971438805987299,1,1,0.990090050249768,1,1,1,1,1,1,1,1,1,1,1,1,1,1,1,1,1,1,1,1,0.927390450943138,1,0.986025609941105,1,1.01898651998096,1,1,1,1,1,1,1,1,1,1,1,1,1,0.990970334187111,1,1,1,0.939621666850802,1,1,1,1,1,1,1,0.931552109138935,1,1,1,1,1,1
"116","220613_BL6_Ku_29447_e2_wt",1,0.935773731704788,1,0.978038932633938,1,1,1.00342850466146,1,1.00269140242501,1,0.95711791626128,1,0.973427974649198,0.96137607427826,1,1,1,0.964292849605814,1.01462296880112,1,1,1.19237037210854,1,1,1,1.05370072403116,1,1,1,1.06651193221936,1,1.02599804946936,1,0.996397378597667,1,1,1,0.958696245304918,1,1,1,0.85823596150057,1,1,1,0.971667205096869,1,1,1.0130289582972,1,1,1.01084454610111,1,1,1,1,1,1,0.971667205096869,1,1,1,1,1,1,0.999425871257107,1,1.01736462248611,1,1,1,1,1.06979610695498,1,0.999431052571337,1,1.03546476950813,1,1.08767753534082,1,1,1,1.10367749668128,1,1,1.09369403887815,1,1,1.05871757917792,0.984735902529664,1,0.98478337757742,0.876864383050152,1,1.13661058318293,0.997571365578823,1,1,1,1,1,1,1,1,1,1.00779858355508,1,1.02186988804949,1,1,1,1.07576208308286,0.698391824461279,1,1,1,1,1,1,1,1,1,1.0720181887117,1,1,0.958447469481362,1.06433292953119,1,0.995426958862066,0.99523549349624,1.1186821545278,1,0.875217590050328,1.11601261739048,1,1,1,1.01462296880112,1,1,1,1,1,1.01262777529936,1.11358793153556,1.03066530737286,0.973968732424639,1,1.13610883739441,0.86360610472617,1,1,1,1,1,1,1.02374033621164,0.98777237107699,1,1,1,1,1,1,1,1,1,1,0.967040809128786,1,1.00815725681392,1,0.898882229345803,1,1,1,1,0.996877440733429,1,1.00814437808988,0.962396109686028,0.955862314056861,1,0.975384625731406,1.03082507144935,1.01134499030888,1.02055002858106,1,1,1,1.07849959120511,1,1,1.07062031343561,1.02574136684294,1.15594859774401,1,1.01960590102813,1.06217437174319,1,1,1,1,1,1
"117","220613_BL6_Ku_29447_e4_wt",1,0.953229147247671,1,1,1,1,0.989130323065486,1,1.00126622926568,1,0.996387897565079,1,0.953322326580014,0.98707049845038,1,1,1,1.01803081041907,1.00543884599532,1,0.98078402264732,1.09654561057807,1,1,1,0.939559316756595,1.26647044064075,1,1.26574710539407,1.06677898154065,0.971960876340739,1.00807965286365,1,0.997442448169132,1,1,1,0.993348142325068,1,1.26408469923427,1,0.906207879444754,1,0.985930706377701,1,1.01782719315923,1,1,1.00511336323692,1,1,1.00347312730339,1.26650298374471,1,1,1,1,1,1.01782719315923,1,1,1,1,1,1,1.00016235385313,1,1.0085088238337,1,1,1,1,1.07006397861741,1,0.987394310498558,1,1.02672732088529,1,1.07219980943542,1,1,1,1,1,1,1.05989146533239,1.33021749305037,1,1.07404466704038,0.99252045263527,1,0.994252078458849,0.909520193558515,1.26627776554972,1.09285000728483,0.999875203739005,1,1,1.00943616093673,1,1,1,1,1,1.26652784862374,0.999967511348688,1,1.01951676532645,1,1,1,1.06405306813617,0.735640795402325,1,0.970875429865099,1,1,1,1,1,1,1,1.06024488066438,0.881889246581698,1,0.968595197907699,1.05758153009336,1,1.00182348183012,0.992251450197497,1.08051418276376,1,0.90826580864603,1.10894528839145,1,1.26552866181399,1,1.00543884599532,1,1,1,1,1,1.00624305552247,1.07148731146493,1.02781222902662,0.99791944548657,1,1.14032872459322,0.929478227697899,1,0.975936919196238,1,1,1,1.26648647195856,1,0.997152996612504,1,1,0.918860252604408,1.25136088613954,1,0.992420936792167,1,1,1,1,0.975380908330927,1,0.997073079057117,1,0.945250259514602,1,1,1,1,0.998079479636782,1,1.00186503865317,0.99381953542292,1.01071931065921,1,0.999656031591219,1.01980374609265,1.00225447672403,1.00776256048629,1,1,1,1.06391949053746,1,1,1.07088839147528,1.0121793174032,1.11368596802109,1,1.01023178293356,1.04936434754981,1,1,1,1,1.26618888505515,1
"118","220613_BL6_Ku_29447_e5_wt",1,1.04029463786802,1,1,1,1,1,1,1,1,1.02468019304544,1,1.01127991002616,0.983277742495508,1,1,1,0.961551107843076,1.01452506290441,1.11941829393535,1,1.13051677657074,1,1,1,0.86930518587442,1,1,1,1.0647318694236,0.989969269442,1.02681543649866,1,0.992224764641979,1,1,1,0.988335624985791,1,1,1,1.04262134762668,1,1,1,0.981599006401775,1,1,1.00166376588336,1,1,1.00843522439479,1,1,1,1,1,1.11340253554278,0.981599006401775,1,1,1,1,1,1,1,1,1.01769718615593,1,1,1,1,1.06801056270413,1,1,1,1.02155759752627,1,0.998841284551754,1,1,1,1,1,1,0.994911919258684,1,1,0.990949027813892,0.984443567681877,1,0.984412500917012,0.96335497593281,1,1.10102762182952,1,1,1,1,1,1,1,1,1,1,1,1,1.00301162039815,1,1,1,0.979562456115217,0.842131512862806,1,1,1,1,1,1,1,1,1,1.00484749428621,1.01941647614367,1,0.980810020496041,0.992373068401228,1,1,0.997116006722763,1.03337102099642,1,0.961011629791091,1.13455161147401,1,1,1,1.01452506290441,1,1,1,1,1,1.01286718280629,0.996663499657751,1.01474103512029,1.01970758078367,1,1,0.92454194422092,1,1,1,1,1,1,1,0.988828244877086,1,1,1.00631842100788,1,1,1.03396289558829,1,1,1,1,0.966337059623535,1,1.01423494248377,1,0.997945648331111,1,1.34625393305037,1,0.998814692374339,1,1,1.00970267766996,1.06072160216748,0.983024334159623,1,1.01887093131134,1.01279599191971,1.01284066629112,1.02105089702346,1,1,1,1.00389637735682,1,1,1.06883339354212,1.02560785447717,1.10476805585518,1,1.01916731586059,0.965306398148489,0.99882502891652,1,1,1,1,1
"119","220613_BL6_Ku_29447_e6_wt",1,0.993671367937375,1,0.974322799026093,1,0.962662676633429,1.01603676502479,1,1,1,1.0274041582317,1,0.98692408246879,0.976733210296554,1,1,1,0.951178961720553,1.00355617464464,1.08705961100633,0.973662147299782,1.0935489049695,1,1,1,1,1.23821921856478,1.02485717428514,1.23582099253752,1.10442037860905,1.00924707477969,1.00568400622279,1,0.991327055884696,1,1,1,0.979799958728332,1,1.23517927362366,1,1.05607050716842,1,1,1,0.970916314197901,1,1,1,1,1,1.0031954144621,1.22626720919188,1,1,1,1,1.06817442967162,0.9709163141979,1,1,1,1,1,1,1,1,1.00464387909913,1,1,1,1,1.10782128711777,1,0.98460352454414,1,1.02466975059595,1,1.05541968484653,1,1,1,1,1,1,1.05705827853122,1.28804612907133,1,1.00762649903278,0.99591787133488,1,0.998165029394743,0.917244887609975,1.23796919666308,1.12441100813026,1,1,1,0.99070600531843,1,1,1,1,1,1.2382730151833,1,1,1.01851132351653,0.974369457974661,1,1,1.03826627271312,0.911756852520468,1,1,1,1,0.972865331537468,1,1,1,1,1.03600207868807,1.04163040998312,1,1.01557056983168,1.04902111063645,0.950907990752497,1.00074820115796,0.996809340843409,1.07409537085581,1,0.915972932149915,1.18373528898197,1,1.23756420482587,1,1.00355617464464,1,1,1,1,1,1.00345075666609,1.11101764609411,1.03658154921987,1.0121207438347,1,1.14192555476172,0.893905748012971,1,0.986667618292734,1,1,1,1.23823256158569,1.02320780297391,0.98571468830425,1,1,1.0360525368102,1,1,1,1,1,1,1.02431683187668,0.96511135888597,1,1.00237634723802,1,0.91585921360391,1,1,1,0.990976297226883,1,1,1.01134638160252,1.03545603545929,0.937135569351766,1,1.01086419250834,1.03366825656382,1.01531572076381,1.00247812539053,1,1,1,1.04149308662046,1,1,1.10867478946115,1.00922476583078,1.07979167321254,1,1.0084667895265,1.05082152366402,0.990520409941313,1,1,1,1.23794626497299,1
"120","220613_BL6_Ku_29447_e7_wt",1,0.97441869204113,1,1,1,1,1.00180503420919,1.0031176764287,1.00198402918833,1,0.933957661194593,1,1,1,1,1,1,0.953697307561149,1.00942540394762,1,1,1.11548315004727,1,1,1,0.875477370768276,1,1,1,1,1,1.01472535370257,1,0.992694545753064,1,1,1,1,1,1,1,1,1,0.961170531011109,1,0.969098088026341,1,1,1.0084681259449,1,1,1.00703707795514,1,1,1,1,1,1,0.96909808802634,1,1,1,1,1,1,0.996512430433365,1,1.01397325405043,1,1,1,1,1,1,0.990936757274593,1.17201655208811,1.03249856087278,1,1.05404129495222,0.960928768328134,1,1,1.06316874561675,1,1,1.03606613658749,1,1,1.05500413877357,0.987717031454375,1,0.988499062565545,0.891039927123659,1,1.07548383746789,0.99492410950751,1,1,1,1,1,1,1,1,1,1.00150252399509,1,1.01861950987664,1,1,1,1.02952332361597,0.694240155766673,1,1,1,1,1,1,1,1,1,1.04866334664807,1,1,0.971402768768705,1.05675632902915,1,1.01544199110295,0.994485091976018,1.08824085677937,1,0.890502424528749,1.07626746099204,1,1,1,1.00942540394762,1,1,1,1,1,1.01018489950358,1.09779286866592,1.02142470841249,0.964398218788726,1,1.08861009822884,0.841811699428438,1,1,1,1,1,1,1,0.984587096977999,1,1,1,1,1,1,1,1,1,1,0.952764000763535,1,0.995185799585352,1,0.919659742664624,1,1,1,1,0.997484151940972,1,1.01132067217215,0.9846877081131,0.93484969578466,1,0.966259949696736,1.01842333093294,1.01547067112519,1.01553200088847,1,1,1,1.05381320739351,1,1,1,1.01823114644711,1,1,1.0148319998207,1.0557909471888,1,1,1,1,1,1
"121","220616_BL6_Ku_29446_e9_wt",1,0.979368514559985,1,0.920578743094823,1,1,1.00856786015252,1,0.998648106749417,1,1.03963860400836,1,0.978282414710984,0.97341963234462,0.920480421384027,1.10832479641175,1,0.919746190087049,1.01155262754867,1,0.973017893849682,1.17466698940554,1,1,1,1.17131698110227,1,1,1,1.0294109277682,1,1.01437674782712,1,1.00500856010899,1,1,1,0.97382080643341,1,1,1,1,1.14313043087892,1,1,0.942918703965534,1,1,1.0042289127229,1,1,1,1,1,1.14190605207802,1.13457312447945,1,1,0.942918703965534,1,1,0.827936297504209,1,1,1.08218748866496,1.00437730432121,1,1.01105657289501,0.870432132743689,1,1,0.702141869465813,1.03258085513555,1,0.98566309180548,1,1.02930723729982,1,1.02496048152645,1,1,1,1.07570012644776,1,1,1.07450808644609,1,1,1.02853045609626,0.990280894013539,1,0.991603714934834,0.867679964887189,1,1.14843747860624,1.0034256569513,1.57336264558463,1,1,1,1.6301787236243,1,1,1,1,0.992869878757696,0.988089271014542,1.01858065366696,1,1,1,1.03775984422907,0.741941693521224,1,1,1,1,1,1,1,1,1,1.06059228142967,1,1,1.01300761358961,1.07409433157532,1,0.997364645770991,0.99886824425924,1.12317162515878,1,0.86354800824143,1,1,1,1,1.01155262754867,1.18982466322134,1.57336264558463,1,1,1,1.00808178733212,1.08815186776267,0.997391557712999,1.02657222452594,1,1,0.911424474746258,1,1,1,1,1,1,1.02457921171344,0.979606697026008,1.01708093491066,1,1,1,1,1,1,1,0.986891200328662,1,0.946399327986962,1,0.970157405661543,1,0.918535119969525,1,1,1,1,1.00355170719235,1,1.01505525256593,0.995832174756374,0.92682854742413,1.02519737393149,1.02518470011703,1.00182029993919,1.02065825554736,1.01133917194448,1,1,1,1.04835875331917,1.02366184187344,1,1.03337638974915,1.02135487352116,1,1,1.01628940423961,1.06712231916448,1,1,1,1,1,1.01950732261119
"122","220616_BL6_Ku_29447_e1_wt",1,0.990762578243282,1,0.977643563792277,1,1,1.02118200138205,1.01300889394107,0.995307123208505,1,1.00012812358541,1,0.981219307429024,0.99378572516281,1,1,1,0.950705622093875,1.0096006586088,1.23298224142702,0.991678681847462,1.21749622592125,1.18221201219049,1,1.00817317992962,1.2698384109355,1.24992283973964,1,1.24547631286588,1.15029525371587,0.985439412073483,1.01350938468887,1,1.00283803079528,1,1,1,0.995889808273399,1,1.23270570402858,1,0.823408777337,1,0.981175425778665,1,0.959597345328336,1,1,0.992496985243448,1,1,1.01030291174774,1.2444156515269,1,1,1,1.01103833357743,1.20475027563248,0.959597345328336,1,0.940465351545265,1,1.18215996649374,1.00904385913449,1.05845659237838,1.00689578143022,1,1.00877800434591,1,1,1,1,1.15383742750374,1,0.982546258291921,1,1.02099942674185,0.939018483431481,1.08221859149102,1,1,1,1,1,0.977413138001729,1.16424615288418,1.4113124807091,1,1.1102452806226,0.99228383375232,1.0173633206588,0.993974945582278,0.80273919569376,1.24988307334663,1.11957411713575,1.00828524511342,1,0.936168896309236,1.01456190189029,1,1,1,0.991750712351722,0.939315944135776,1.24998000036754,0.974105425315813,0.984191022629101,0.995550987259797,1,1,1,1.08235594316398,0.712302268769925,1.00288717768567,1,0.955575325894133,1,1,1,0.993825623913617,1,1,1.112966116117,1,1,1.0285957201692,1.12863928668205,0.955116180126368,1.00376246575271,0.997709498991126,1.19536472253218,1,0.799404571984091,1.28547423718503,1,1.24929499632156,1.07309456032576,1.0096006586088,1,1,1,1,1,1.00643739788599,1.18595911723153,1.00218218868424,1.00078632633107,1,1.16961670309351,0.894777045872197,1,1,1,1,1.18215996649374,1.24993916431012,1.02875518009059,0.983948828679853,1.01910100992412,1,1,1.24457821053808,1,1.00097652502793,1.01027529132983,1,0.982252901580494,1,0.970290696103789,1,0.985844520481573,1,0.834610728140164,1,1,1,1,1.00607804118678,1,1.01048290257978,1.02551906643479,0.877103200291043,1.03274152383179,0.999590754215822,0.988070708870392,1.01470368599927,1.00813682807184,0.992141643266663,1,1,1.10392240199289,1.02846253452349,1.18221201219049,1.15472638221125,1.01848610239887,1.12480596542679,1,1.01475737809822,1.15995200968625,1,0.971520101016462,1,1,1.24970006645379,1.02574183196804
